station,date_time_local,secchi_m,disappear_m,reappear_m,viewing_condition,lake_condition
LTP,1967-07-28 00:00,29.26,32.92,25.6,0,Depressor used for Secchi depth reading. Bright clouds. Readings were originally recorded in fathoms (I=18 fm; II=14 fm).
LTP,1967-08-02 00:00,24.5,27.0,22.0,0,
LTP,1967-08-09 00:00,24.0,26.0,22.0,0,
LTP,1967-08-14 00:00,23.5,25.0,22.0,0,Depressor used for Secchi depth reading.
LTP,1967-09-14 00:00,23.5,24.0,23.0,0,
LTP,1967-09-21 00:00,23.75,24.0,23.5,0,
LTP,1967-09-28 00:00,22.125,22.25,22.0,0,
LTP,1967-10-11 00:00,19.0,19.5,18.5,0,
LTP,1967-10-26 00:00,31.0,31.5,30.5,0,
LTP,1967-11-01 00:00,30.75,31.0,30.5,0,
LTP,1967-12-01 00:00,29.55,29.7,29.4,0,Late start because float disappeared during recent snow storm.
LTP,1968-01-17 00:00,32.0,33.0,31.0,0,
LTP,1968-01-24 00:00,35.0,36.0,34.0,0,
LTP,1968-02-08 12:55,43.25,44.0,42.5,0,
LTP,1968-02-29 11:04,37.1,37.2,37.0,0,
LTP,1968-03-06 12:10,27.5,28.0,27.0,0,
LTP,1968-03-20 15:26,30.75,31.5,30.0,0,
LTP,1968-03-26 14:25,30.0,30.5,29.5,0,
LTP,1968-04-25 00:00,26.25,26.5,26.0,0,
LTP,1968-05-01 00:00,25.25,25.5,25.0,0,
LTP,1968-05-09 00:00,25.25,25.5,25.0,0,
LTP,1968-05-16 00:00,27.75,28.0,27.5,0,
LTP,1968-05-22 00:00,27.25,27.5,27.0,0,
LTP,1968-05-29 15:20,24.5,25.0,24.0,0,
LTP,1968-06-19 00:00,30.8,31.0,30.6,0,
LTP,1968-06-26 00:00,29.75,30.0,29.5,0,
LTP,1968-07-04 00:00,28.0,29.0,27.0,0,
LTP,1968-07-11 00:00,25.0,26.0,24.0,0,
LTP,1968-07-24 00:00,24.0,25.0,23.0,0,
LTP,1968-08-07 00:00,28.5,30.0,27.0,0,
LTP,1968-08-28 00:00,32.0,33.0,31.0,0,
LTP,1968-09-02 00:00,27.0,28.0,26.0,0,
LTP,1968-09-11 00:00,31.5,32.0,31.0,0,
LTP,1968-09-17 00:00,30.25,30.5,30.0,0,
LTP,1968-09-26 00:00,33.5,34.0,33.0,0,
LTP,1968-10-15 00:00,30.5,31.0,30.0,0,
LTP,1968-10-19 00:00,36.5,37.0,36.0,0,
LTP,1968-10-27 00:00,36.5,37.0,36.0,0,
LTP,1968-12-07 00:00,34.5,35.0,34.0,0,
LTP,1968-12-22 00:00,33.0,34.0,32.0,0,
LTP,1969-03-15 00:00,40.5,41.0,40.0,0,
LTP,1969-03-30 00:00,32.5,33.0,32.0,0,
LTP,1969-04-13 00:00,28.5,29.0,28.0,0,
LTP,1969-04-25 00:00,26.75,27.0,26.5,0,
LTP,1969-05-09 00:00,24.5,25.0,24.0,0,
LTP,1969-05-23 00:00,21.5,23.0,20.0,0,
LTP,1969-06-07 00:00,26.5,27.0,26.0,0,
LTP,1969-06-20 00:00,15.5,17.0,14.0,0,
LTP,1969-07-01 00:00,20.5,21.0,20.0,0,
LTP,1969-07-08 00:00,19.5,20.0,19.0,0,"Holm-Hansen on board for ATP-DNA, etc. work."
LTP,1969-07-15 00:00,23.0,24.0,22.0,0,
LTP,1969-07-22 00:00,21.0,22.0,20.0,0,
LTP,1969-07-24 00:00,23.5,24.0,23.0,0,
LTP,1969-07-30 00:00,26.5,26.0,27.0,0,
LTP,1969-08-05 00:00,25.0,25.0,25.0,0,
LTP,1969-08-14 00:00,25.5,25.0,26.0,0,
LTP,1969-08-20 00:00,24.0,24.0,24.0,0,
LTP,1969-08-28 00:00,24.75,25.0,24.5,0,
LTP,1969-09-03 00:00,21.5,22.0,21.0,0,
LTP,1969-09-09 00:00,25.75,26.0,25.5,0,
LTP,1969-09-15 00:00,22.5,24.0,21.0,0,
LTP,1969-09-23 00:00,23.0,24.0,22.0,0,
LTP,1969-10-22 00:00,28.0,29.0,27.0,0,
LTP,1969-10-28 00:00,31.5,32.0,31.0,0,
LTP,1969-11-12 00:00,30.5,31.0,30.0,0,
LTP,1969-11-23 00:00,34.0,35.0,33.0,0,
LTP,1969-12-05 12:30,35.9,36.3,35.5,0,
LTP,1969-12-16 12:15,24.5,26.0,23.0,0,
LTP,1969-12-26 00:00,27.5,28.0,27.0,0,
LTP,1970-01-06 00:00,32.5,33.0,32.0,0,
LTP,1970-01-30 11:50,31.5,32.0,31.0,0,
LTP,1970-02-23 11:15,29.25,30.0,28.5,0,
LTP,1970-03-10 11:30,29.0,30.0,28.0,0,
LTP,1970-03-23 00:00,31.5,32.0,31.0,0,
LTP,1970-04-02 12:30,28.5,29.0,28.0,0,
LTP,1970-04-15 11:00,29.5,30.0,29.0,0,
LTP,1970-05-02 00:00,35.0,36.0,34.0,0,"Flat, calm."
LTP,1970-05-13 00:00,32.5,33.0,32.0,0,Surface rippled. A partly cloudy day with slight SW wind blowing intermittently.
LTP,1970-05-25 11:55,31.25,32.0,30.5,0,
LTP,1970-06-16 11:05,28.75,29.5,28.0,0,
LTP,1970-07-01 12:00,30.5,31.0,30.0,0,
LTP,1970-07-07 11:30,29.0,29.5,28.5,0,
LTP,1970-07-14 11:45,29.5,30.0,29.0,0,
LTP,1970-07-20 11:30,25.5,26.0,25.0,0,
LTP,1970-07-24 12:00,27.0,28.0,26.0,0,
LTP,1970-07-31 11:15,28.75,29.5,28.0,0,
LTP,1970-08-11 11:30,30.5,31.0,30.0,0,
LTP,1970-08-17 11:55,29.5,30.0,29.0,0,
LTP,1970-08-24 11:45,26.5,27.0,26.0,0,
LTP,1970-09-02 12:35,26.0,26.5,25.5,0,
LTP,1970-09-08 11:20,26.5,27.0,26.0,0,
LTP,1970-09-17 10:45,29.25,29.5,29.0,0,
LTP,1970-09-23 10:45,26.5,27.0,26.0,0,
LTP,1970-10-02 11:45,30.5,32.0,29.0,0,
LTP,1970-11-10 10:25,32.5,34.0,31.0,0,
LTP,1970-12-06 12:50,28.0,29.0,27.0,0,
LTP,1970-12-22 12:10,33.5,34.0,33.0,0,
LTP,1971-01-21 11:05,34.5,35.0,34.0,0,
LTP,1971-02-03 11:30,33.5,34.0,33.0,0,
LTP,1971-02-12 11:10,35.25,36.0,34.5,0,
LTP,1971-03-07 12:30,34.0,35.0,33.0,0,
LTP,1971-03-17 11:50,34.5,35.0,34.0,0,
LTP,1971-04-02 11:25,34.5,35.0,34.0,0,
LTP,1971-05-05 10:55,30.5,31.0,30.0,0,
LTP,1971-05-19 11:05,27.5,28.0,27.0,0,
LTP,1971-06-14 11:20,21.5,22.0,21.0,0,
LTP,1971-06-25 11:35,21.0,22.0,20.0,0,
LTP,1971-07-01 11:20,29.75,30.0,29.5,0,
LTP,1971-07-08 11:15,26.0,27.0,25.0,0,
LTP,1971-07-14 10:55,27.5,28.0,27.0,0,
LTP,1971-07-22 11:20,27.5,28.0,27.0,0,
LTP,1971-08-11 11:00,30.75,32.0,29.5,0,
LTP,1971-08-17 12:30,26.5,27.0,26.0,0,
LTP,1971-09-09 11:50,26.5,28.0,25.0,0,
LTP,1971-09-16 11:30,28.75,29.5,28.0,0,
LTP,1971-09-23 11:10,24.5,25.0,24.0,0,
LTP,1971-10-05 11:05,26.75,27.0,26.5,0,
LTP,1971-12-06 11:50,24.5,25.0,24.0,0,
LTP,1971-12-16 11:35,24.0,24.5,23.5,0,
LTP,1972-01-14 12:10,27.5,28.0,27.0,0,
LTP,1972-03-21 12:40,25.25,25.5,25.0,0,Choppy. Wind from the SW @10 mph.
LTP,1972-04-03 11:30,31.0,31.5,30.5,7,
LTP,1972-04-14 12:00,37.75,37.5,38.0,7,
LTP,1972-04-29 12:05,28.75,29.5,28.0,0,
LTP,1972-05-09 12:20,29.25,30.0,28.5,0,
LTP,1972-05-18 11:50,31.5,32.0,31.0,0,
LTP,1972-05-31 11:15,22.5,23.0,22.0,0,
LTP,1972-06-12 12:05,28.5,29.0,28.0,0,
LTP,1972-06-22 11:10,24.5,25.0,24.0,0,Choppy. SW wind @15 (mph?). Clouds increasing.
LTP,1972-06-30 11:35,23.25,24.0,22.5,0,"Flat, calm. No boat drifting. Much pollen and debris on surface. High haze."
LTP,1972-07-06 11:40,24.5,25.5,23.5,0,Choppy. White caps. SW wind @15-20 (mph?). High haze.
LTP,1972-07-12 12:37,30.25,31.0,29.5,0,Ripple.
LTP,1972-07-27 11:50,27.0,28.0,26.0,0,
LTP,1972-08-03 12:30,31.75,33.0,30.5,0,
LTP,1972-08-10 11:20,29.75,30.5,29.0,0,
LTP,1972-08-17 11:15,24.5,25.0,24.0,0,
LTP,1972-08-24 12:30,32.5,33.5,31.5,0,
LTP,1972-08-31 11:50,31.75,33.0,30.5,0,
LTP,1972-09-07 11:05,24.25,25.0,23.5,0,
LTP,1972-09-14 11:25,30.5,31.5,29.5,0,
LTP,1972-10-17 11:40,23.75,24.5,23.0,0,
LTP,1972-11-17 12:30,23.5,24.0,23.0,0,"Smooth, easterly swell with small ripples on top. Partly cloudy."
LTP,1972-11-28 10:55,27.0,28.0,26.0,0,
LTP,1972-12-13 11:45,27.5,28.0,27.0,0,
LTP,1972-12-30 10:55,28.0,29.0,27.0,0,
LTP,1973-02-09 11:20,29.5,30.0,29.0,0,
LTP,1973-02-20 11:15,33.0,34.0,32.0,5,
LTP,1973-03-09 12:55,30.0,31.0,29.0,0,
LTP,1973-03-24 11:30,32.0,33.0,31.0,0,
LTP,1973-04-05 11:27,31.5,33.0,30.0,0,
LTP,1973-04-23 10:43,27.5,28.5,26.5,5,
LTP,1973-05-16 11:44,25.5,26.0,25.0,0,
LTP,1973-05-29 11:35,19.5,20.0,19.0,0,
LTP,1973-06-18 11:42,21.5,22.0,21.0,0,
LTP,1973-07-05 11:55,23.5,24.0,23.0,0,
LTP,1973-07-12 11:45,22.5,23.0,22.0,0,
LTP,1973-07-21 11:30,22.5,23.0,22.0,0,
LTP,1973-07-28 12:45,26.5,27.0,26.0,0,
LTP,1973-08-06 11:12,23.5,24.0,23.0,0,
LTP,1973-08-13 11:07,27.5,28.0,27.0,0,
LTP,1973-08-22 11:10,23.25,23.5,23.0,0,
LTP,1973-08-30 12:00,23.25,24.5,22.0,0,
LTP,1973-09-07 11:15,22.0,23.0,21.0,0,
LTP,1973-09-13 12:10,20.5,21.0,20.0,0,
LTP,1973-10-11 11:55,26.75,27.5,26.0,0,
LTP,1973-10-24 12:00,29.0,29.5,28.5,0,
LTP,1973-11-08 11:15,23.25,24.0,22.5,0,
LTP,1973-11-26 12:35,24.0,24.5,23.5,0,
LTP,1973-12-06 11:35,27.5,28.0,27.0,0,
LTP,1973-12-20 11:30,25.5,26.0,25.0,0,
LTP,1974-01-02 12:22,27.0,28.0,26.0,0,Light ripple. Bright sun. No clouds. Smooth swells.
LTP,1974-01-30 12:30,30.0,31.0,29.0,0,"Smooth ripple. Slight drift due to light, NE breeze."
LTP,1974-02-11 11:35,26.5,27.0,26.0,0,Waves and white caps to 1 ft. Clear sky.
LTP,1974-03-05 12:45,41.25,42.0,40.5,0,"Absolutely calm with thin, hazy, high overcast. A new Tahoe Secchi depth record! No drift at all! Foggy, but it burned off by ~11:00."
LTP,1974-03-21 11:20,26.5,27.0,26.0,0,Ripple and 2 mph breeze from the east. No boat drift.
LTP,1974-04-04 12:07,36.0,37.0,35.0,0,
LTP,1974-04-13 12:10,28.0,29.0,27.0,0,
LTP,1974-05-10 11:55,19.5,20.0,19.0,0,Ripple from E ~0.5 ft. Plume from Blackwood Creek probably decreasing transparency. Low filtering speed.
LTP,1974-05-20 11:47,20.5,21.0,20.0,0,
LTP,1974-05-29 12:10,22.5,23.0,22.0,0,
LTP,1974-06-06 12:00,29.0,29.5,28.5,0,
LTP,1974-06-14 12:05,16.5,17.0,16.0,0,
LTP,1974-06-20 12:20,25.75,26.5,25.0,0,
LTP,1974-06-27 12:16,29.0,29.5,28.5,0,
LTP,1974-07-12 13:25,26.5,27.0,26.0,0,
LTP,1974-07-29 12:00,25.5,26.0,25.0,0,
LTP,1974-08-02 11:15,26.5,27.0,26.0,0,
LTP,1974-08-09 12:20,25.0,25.5,24.5,0,
LTP,1974-08-15 12:18,26.0,27.0,25.0,0,
LTP,1974-08-22 15:00,24.0,24.0,,0,
LTP,1974-08-28 13:30,25.0,26.0,24.0,0,
LTP,1974-09-09 12:28,24.5,25.0,24.0,0,
LTP,1974-09-20 12:05,24.5,25.0,24.0,0,
LTP,1974-10-01 12:11,25.0,25.5,24.5,0,
LTP,1974-10-08 11:35,25.5,26.0,25.0,0,
LTP,1974-10-15 11:50,32.5,33.0,32.0,0,
LTP,1974-11-05 10:50,29.75,30.0,29.5,0,
LTP,1974-11-20 10:30,28.0,29.0,27.0,0,
LTP,1974-11-27 11:17,22.5,23.0,22.0,0,
LTP,1974-12-19 11:35,28.5,29.0,28.0,0,
LTP,1975-01-02 11:40,26.0,27.0,25.0,0,
LTP,1975-01-13 11:30,29.0,30.0,28.0,0,
LTP,1975-01-23 10:55,27.5,28.0,27.0,0,
LTP,1975-02-06 11:25,26.0,27.0,25.0,0,
LTP,1975-02-28 12:55,33.5,34.0,33.0,0,
LTP,1975-03-10 11:45,34.0,35.0,33.0,0,
LTP,1975-03-24 11:45,28.5,29.0,28.0,0,
LTP,1975-03-30 11:58,32.5,33.0,32.0,0,
LTP,1975-04-09 13:35,34.0,36.0,32.0,0,
LTP,1975-04-30 11:42,28.5,29.0,28.0,0,
LTP,1975-05-07 12:07,24.5,25.0,24.0,7,
LTP,1975-05-23 13:30,20.5,21.0,20.0,0,
LTP,1975-06-26 11:25,20.0,21.0,19.0,0,
LTP,1975-07-28 12:10,21.0,22.0,20.0,0,
LTP,1975-08-04 11:45,25.0,26.0,24.0,0,Smooth; light ripple later. Secchi disk newly painted!
LTP,1975-08-11 12:30,28.5,29.0,28.0,0,
LTP,1975-08-15 11:48,24.5,25.0,24.0,0,
LTP,1975-08-23 12:05,24.75,25.0,24.5,0,
LTP,1975-09-03 12:25,30.0,30.5,29.5,5,
LTP,1975-09-15 12:10,27.5,28.5,26.5,0,
LTP,1975-09-24 12:12,27.25,28.0,26.5,0,
LTP,1975-10-14 11:31,28.75,29.0,28.5,5,
LTP,1975-11-20 11:20,22.0,23.0,21.0,0,
LTP,1975-12-01 11:47,23.5,24.5,22.5,0,
LTP,1975-12-15 11:48,26.0,27.0,25.0,0,
LTP,1975-12-29 12:11,23.0,24.0,22.0,0,
LTP,1976-01-07 11:45,25.0,26.0,24.0,0,
LTP,1976-01-20 12:05,26.0,27.0,25.0,0,
LTP,1976-02-02 12:04,26.5,27.0,26.0,0,
LTP,1976-02-12 11:15,30.5,31.0,30.0,0,
LTP,1976-02-21 11:45,29.5,30.0,29.0,0,
LTP,1976-03-04 11:35,28.5,30.0,27.0,0,
LTP,1976-03-15 11:02,30.0,31.0,29.0,0,
LTP,1976-03-25 12:15,37.5,38.0,37.0,0,
LTP,1976-04-01 11:45,29.0,30.0,28.0,0,
LTP,1976-04-09 11:45,25.75,26.5,25.0,0,
LTP,1976-04-20 12:05,28.5,29.0,28.0,7,
LTP,1976-05-04 11:42,29.0,29.5,28.5,5,
LTP,1976-05-12 11:50,27.5,28.0,27.0,0,
LTP,1976-05-25 11:55,30.5,31.0,30.0,7,
LTP,1976-06-16 13:20,23.0,24.0,22.0,3,
LTP,1976-06-25 12:10,25.5,27.0,24.0,0,
LTP,1976-07-02 12:14,33.0,34.0,32.0,0,
LTP,1976-07-08 12:15,28.0,29.0,27.0,0,
LTP,1976-07-17 12:40,23.0,24.0,22.0,0,
LTP,1976-07-24 12:55,29.0,30.0,28.0,0,
LTP,1976-08-02 12:45,23.5,24.0,23.0,0,
LTP,1976-08-09 12:30,25.0,25.0,25.0,0,
LTP,1976-08-23 12:05,25.5,26.0,25.0,0,Very small ripples.
LTP,1976-08-31 11:28,28.5,29.0,28.0,0,
LTP,1976-09-10 11:50,23.0,24.0,22.0,0,
LTP,1976-09-17 11:30,22.5,23.0,22.0,0,
LTP,1976-09-24 11:37,26.0,27.0,25.0,5,
LTP,1976-10-04 12:20,29.5,30.0,29.0,0,
LTP,1976-10-13 12:05,28.5,29.0,28.0,0,
LTP,1976-11-04 12:15,27.5,28.0,27.0,0,
LTP,1976-11-17 12:33,26.5,27.0,26.0,0,
LTP,1976-12-01 12:35,27.0,27.5,26.5,7,
LTP,1976-12-13 13:30,27.25,28.0,26.5,3,
LTP,1976-12-22 11:35,27.5,28.0,27.0,0,
LTP,1977-01-07 12:11,24.25,24.5,24.0,0,"Ripple and light breeze from S.  Sky clear but some haze around the basin from chimney smoke and auto exhaust?  Heavy NE wind yesterday drove the thermocline and ""chlorocline"" WAY down!"
LTP,1977-01-17 12:53,28.5,29.0,28.0,5,"Flat, calm.  No clouds.  Some ""smaze"" in basin.  No wind.  Cool.  GOOD light reading conditions."
LTP,1977-01-27 12:02,29.5,30.0,29.0,5,"Flat, calm.  No clouds or wind.  GOOD viewing conditions."
LTP,1977-02-07 11:30,30.0,31.0,29.0,0,"Flat, calm.  Some high haze but no wind.  Warm."
LTP,1977-02-14 11:42,31.0,32.0,30.0,7,"Flat, calm.  No haze or clouds over sun.  EXCELLENT conditions!"
LTP,1977-02-24 12:15,31.25,32.0,30.5,0,Light ripple and 0-1 kn breeze from the SE.  No clouds over the sun.
LTP,1977-03-08 11:58,25.5,26.0,25.0,3,Ripple from the SW and wind @2 kn.  Only FAIR conditions due to 60% cover of high overcast.
LTP,1977-03-18 11:55,26.0,26.5,25.5,0,Ripple and light breeze from the east.  No clouds.
LTP,1977-04-07 11:20,28.5,29.0,28.0,5,"Flat, calm. Bright sun. No wind. GOOD viewing conditions! It looks as if the spring bloom has begun! (see chlorophyll fluorescence readings)"
LTP,1977-04-14 12:05,28.0,28.5,27.5,0,"High, thin, hazy clouds. Smooth swells. No wind."
LTP,1977-04-29 11:55,26.5,27.0,26.0,0,"Flat, calm...but high, hazy, stratus overcast over the sun constantly changing."
LTP,1977-05-27 11:42,23.5,24.0,23.0,3,
LTP,1977-06-07 11:26,28.5,29.0,28.0,0,
LTP,1977-06-16 11:45,27.5,28.0,27.0,0,
LTP,1977-06-23 12:47,27.5,28.0,27.0,0,
LTP,1977-07-11 12:16,27.0,28.0,26.0,0,
LTP,1977-07-29 12:21,28.5,29.0,28.0,0,
LTP,1977-08-11 12:32,23.0,24.0,22.0,3,
LTP,1977-08-19 12:23,28.5,29.0,28.0,0,
LTP,1977-08-28 12:00,31.0,31.5,30.5,0,
LTP,1977-09-04 12:15,31.5,32.0,31.0,0,
LTP,1977-09-12 12:28,31.5,32.0,31.0,0,
LTP,1977-09-22 12:30,28.5,29.0,28.0,0,
LTP,1977-10-03 12:12,33.5,34.0,33.0,7,
LTP,1977-10-13 12:57,30.0,31.0,29.0,5,
LTP,1977-11-07 13:30,25.5,26.0,25.0,0,
LTP,1977-11-29 11:45,29.0,30.0,28.0,3,
LTP,1977-12-09 12:42,27.5,28.0,27.0,7,
LTP,1977-12-20 13:30,23.0,24.0,22.0,0,
LTP,1977-12-31 12:45,29.0,30.0,28.0,5,
LTP,1978-01-21 11:58,30.0,31.0,29.0,5,
LTP,1978-02-14 12:55,27.5,28.0,27.0,5,
LTP,1978-02-27 12:23,24.5,25.0,24.0,3,
LTP,1978-03-21 11:57,24.0,25.0,23.0,3,
LTP,1978-04-17 12:05,22.5,24.0,21.0,3,
LTP,1978-04-27 11:45,25.5,26.0,25.0,0,
LTP,1978-05-08 11:37,23.5,24.0,23.0,5,
LTP,1978-05-19 11:54,25.75,26.0,25.5,0,
LTP,1978-06-30 11:46,19.5,20.0,19.0,5,
LTP,1978-07-07 11:58,21.5,22.0,21.0,5,
LTP,1978-07-18 11:52,23.5,24.0,23.0,7,
LTP,1978-07-25 12:07,25.0,25.5,24.5,7,
LTP,1978-08-02 11:28,27.0,28.0,26.0,7,
LTP,1978-08-09 11:12,25.0,26.0,24.0,0,
LTP,1978-08-28 11:47,28.5,29.0,28.0,0,
LTP,1978-09-08 11:43,27.0,28.0,26.0,0,
LTP,1978-09-28 11:40,29.5,30.0,29.0,5,
LTP,1978-10-09 11:45,33.0,33.5,32.5,7,
LTP,1978-10-20 12:06,33.0,33.5,32.5,7,
LTP,1978-11-02 11:35,27.0,28.0,26.0,3,
LTP,1978-11-15 12:29,26.5,27.0,26.0,5,
LTP,1978-11-28 11:53,22.0,23.0,21.0,3,
LTP,1978-12-09 12:24,25.0,26.0,24.0,3,
LTP,1978-12-20 12:42,28.5,29.0,28.0,7,
LTP,1978-12-29 11:08,25.0,26.0,24.0,3,
LTP,1979-01-09 12:04,27.75,28.5,27.0,0,
LTP,1979-01-23 12:43,30.0,31.0,29.0,7,
LTP,1979-02-05 12:48,28.0,28.5,27.5,0,
LTP,1979-03-06 12:17,33.0,33.5,32.5,7,
LTP,1979-04-03 12:28,30.5,31.0,30.0,5,
LTP,1979-04-18 12:29,20.0,21.0,19.0,0,
LTP,1979-04-30 12:27,24.0,25.0,23.0,0,
LTP,1979-05-08 11:48,37.75,39.0,36.5,0,
LTP,1979-05-15 12:22,22.5,23.5,21.5,0,
LTP,1979-05-22 11:58,27.0,28.0,26.0,0,
LTP,1979-06-01 12:45,20.5,21.0,20.0,3,
LTP,1979-06-09 11:38,22.5,23.0,22.0,5,
LTP,1979-06-15 12:15,20.0,21.0,19.0,3,
LTP,1979-06-22 12:01,25.5,26.5,24.5,7,
LTP,1979-07-06 12:22,21.5,22.0,21.0,5,Wind now from the SW and increasing to 5-10 kn with small whitecaps. Warm and clear. GOOD viewing conditions.
LTP,1979-07-13 12:20,26.0,26.5,25.5,7,Calm. No wind or clouds. EXCELLENT viewing conditions.
LTP,1979-07-23 12:25,25.0,25.5,24.5,5,
LTP,1979-07-30 12:20,23.75,24.5,23.0,5,
LTP,1979-08-06 12:13,25.25,26.0,24.5,5,
LTP,1979-08-13 12:20,21.5,22.5,20.5,3,
LTP,1979-08-24 11:42,28.5,29.0,28.0,7,
LTP,1979-09-04 12:45,25.5,26.0,25.0,5,
LTP,1979-09-10 13:13,30.5,31.0,30.0,7,
LTP,1979-09-18 12:25,24.5,25.0,24.0,0,
LTP,1979-09-24 13:00,28.5,29.0,28.0,5,
LTP,1979-10-02 12:44,31.5,32.0,31.0,7,
LTP,1979-10-12 12:45,27.5,28.0,27.0,0,
LTP,1979-10-22 13:05,22.25,23.0,21.5,3,
LTP,1979-11-01 13:13,26.0,26.5,25.5,5,
LTP,1979-11-14 12:30,28.5,29.0,28.0,7,
LTP,1979-11-27 12:00,28.5,29.0,28.0,5,
LTP,1979-12-10 11:30,25.5,26.0,25.0,5,
LTP,1979-12-22 12:15,22.0,22.5,21.5,3,
LTP,1980-01-02 12:25,29.5,30.0,29.0,7,
LTP,1980-01-28 12:43,22.5,23.0,22.0,3,
LTP,1980-02-11 12:41,26.5,27.0,26.0,4,
LTP,1980-02-25 13:05,31.5,32.0,31.0,5,
LTP,1980-03-07 12:17,33.5,34.0,33.0,7,
LTP,1980-03-29 11:06,30.0,30.5,29.5,7,
LTP,1980-04-08 13:05,25.0,26.0,24.0,3,
LTP,1980-04-18 12:25,28.0,29.0,27.0,5,
LTP,1980-04-28 13:00,20.0,20.5,19.5,5,
LTP,1980-05-06 12:52,23.0,24.0,22.0,3,
LTP,1980-05-15 12:54,20.5,21.0,20.0,4,
LTP,1980-05-27 12:02,23.0,23.5,22.5,3,
LTP,1980-06-09 13:06,23.5,24.0,23.0,5,
LTP,1980-06-16 12:48,26.0,26.5,25.5,5,
LTP,1980-06-27 12:40,28.0,28.5,27.5,7,
LTP,1980-07-07 12:18,22.0,23.0,21.0,3,
LTP,1980-07-14 12:20,24.5,25.0,24.0,5,
LTP,1980-07-23 12:50,19.5,20.0,19.0,5,
LTP,1980-07-30 13:27,19.5,20.0,19.0,4,
LTP,1980-08-07 12:47,21.5,22.0,21.0,5,
LTP,1980-08-26 12:15,21.5,22.5,20.5,5,
LTP,1980-09-02 12:34,22.5,23.0,22.0,3,
LTP,1980-09-25 13:02,22.25,23.0,21.5,7,
LTP,1980-10-03 11:45,25.5,26.5,24.5,7,
LTP,1980-10-24 13:47,21.0,21.5,20.5,3,
LTP,1980-11-04 13:11,27.5,28.0,27.0,7,
LTP,1980-11-13 12:10,26.0,26.5,25.5,3,
LTP,1980-11-25 13:18,26.75,27.5,26.0,7,
LTP,1980-12-05 12:51,26.25,27.0,25.5,4,
LTP,1980-12-18 12:38,21.0,21.5,20.5,3,
LTP,1981-01-05 13:01,27.25,27.5,27.0,5,
LTP,1981-01-15 12:40,28.5,29.0,28.0,7,
LTP,1981-02-01 13:43,27.25,27.5,27.0,5,
LTP,1981-02-11 14:00,22.5,23.0,22.0,3,
LTP,1981-03-09 14:22,25.0,25.5,24.5,5,Rippled. Light NNW wind @1-2 kn. Sky clear with ~5% cumulus to the SW. GOOD viewing conditions. Most phytoplankton ever seen clogging zooplankton net tows!
LTP,1981-03-23 13:24,21.5,22.0,21.0,3,
LTP,1981-04-02 13:39,28.0,29.0,27.0,5,
LTP,1981-04-10 13:20,22.5,23.0,22.0,5,
LTP,1981-04-21 13:09,28.75,29.0,28.5,5,
LTP,1981-04-30 13:16,31.25,31.5,31.0,7,
LTP,1981-05-07 12:18,26.0,27.0,25.0,3,
LTP,1981-05-21 12:48,27.5,28.0,27.0,3,
LTP,1981-05-29 15:09,27.0,28.0,26.0,3,
LTP,1981-06-15 13:05,31.0,31.5,30.5,5,
LTP,1981-06-22 13:37,25.5,26.0,25.0,3,
LTP,1981-07-07 13:00,29.5,30.0,29.0,3,
LTP,1981-07-14 13:10,32.5,33.0,32.0,6,
LTP,1981-07-22 12:17,33.0,33.5,32.5,7,
LTP,1981-07-28 11:57,32.5,33.0,32.0,7,
LTP,1981-08-04 12:42,29.0,29.5,28.5,7,
LTP,1981-08-13 11:50,34.0,34.5,33.5,7,
LTP,1981-08-20 11:15,25.0,26.0,24.0,3,
LTP,1981-08-27 12:07,31.5,32.0,31.0,5,
LTP,1981-09-03 11:42,32.5,33.0,32.0,7,
LTP,1981-09-10 12:31,29.5,30.0,29.0,7,
LTP,1981-09-18 12:02,29.0,30.0,28.0,5,
LTP,1981-09-29 12:15,27.0,27.5,26.5,3,
LTP,1981-10-09 12:23,27.0,28.0,26.0,3,
LTP,1981-10-19 12:53,30.25,31.0,29.5,7,
LTP,1981-10-30 12:40,26.5,28.0,25.0,3,
LTP,1981-11-09 12:18,31.5,32.0,31.0,7,
LTP,1981-11-19 13:15,23.25,24.0,22.5,3,
LTP,1981-11-30 13:00,20.5,21.0,20.0,3,
LTP,1981-12-16 12:25,27.25,27.5,27.0,7,
LTP,1982-02-03 12:57,27.0,27.5,26.5,7,Smooth with the slightest bit of surface ripples. EXCELLENT viewing conditions.
LTP,1982-02-19 11:19,26.5,27.0,26.0,5,Calm. Slightly rippled. GOOD viewing. Cloud cover 80%.
LTP,1982-03-09 11:54,30.25,31.0,29.5,7,"Smooth. Calm. High, moderate overcast. Hazy sun. No wind. EXCELLENT viewing."
LTP,1982-03-23 12:08,30.5,31.0,30.0,7,"Flat, calm. Sunny. No clouds. EXCELLENT viewing conditions."
LTP,1982-04-08 14:34,35.5,36.0,35.0,5,"Smooth, large ripples. Scattered clouds. GOOD viewing conditions. Note high value even for so late in the day!"
LTP,1982-04-16 12:07,32.0,33.0,31.0,5,"Ripples and light, NE breeze with light haze in sky. GOOD viewing conditions."
LTP,1982-05-06 12:42,23.0,23.5,22.5,7,"Flat, calm. No clouds or wind. EXCELLENT viewing conditions. Slight, low haze at lake surface. Water appears to be blue-green in color!"
LTP,1982-05-26 12:30,14.5,15.0,14.0,3,"Surface rippled by gusty, SW winds @3-10 kn. Sky clear. No smog. FAIR viewing conditions."
LTP,1982-06-16 00:00,19.5,20.0,19.0,7,"Flat, calm. Warm. No wind. No clouds over sun. Low cumulus cloud cover around basin ~30%. EXCELLENT viewing conditions."
LTP,1982-06-25 11:28,15.5,16.0,15.0,4,Small waves ~0.75 ft and 3 kn wind from the east. Low cumulus cloud cover ~60% and hazy. FAIR-to-GOOD viewing conditions.
LTP,1982-07-06 12:10,16.0,16.5,15.5,4,"Rippled by SW wind @2-3 kn. FAIR-to-GOOD viewing conditions. Sky with high, scattered, stratus ~30%. Bright sun."
LTP,1982-07-15 12:00,15.0,16.0,14.0,3,FAIR viewing conditions. Wind SW @10-15 and gusty. Ripples ~0.5 ft.
LTP,1982-07-23 11:39,17.75,18.5,17.0,3,NOTE: Secchi disk was repainted before these readings. Surface rippled by breeze. White clouds - sky reflection. Some boat wakes. FAIR viewing conditions.
LTP,1982-08-02 11:29,19.5,20.0,19.0,5,Small ripples from the NE and ~1 kn breeze. Sky clear of clouds but it looks smoky to the west. GOOD viewing conditions.
LTP,1982-08-13 11:54,20.0,20.5,19.5,4,Sky clear. Wind SW @3 kn. Ripples to about 1 ft. FAIR-to-GOOD viewing conditions.
LTP,1982-08-23 11:52,20.5,21.0,20.0,5,"Large, smooth ripples. Sky ~85% overcast. Warm, muggy. Very smoggy. GOOD viewing conditions except for sky reflections."
LTP,1982-08-31 11:58,24.25,24.5,24.0,7,Smooth ripples from many boat wakes. No wind. Sky clear. Warm. Moderate smaze. EXCELLENT viewing conditions.
LTP,1982-09-13 11:38,23.5,24.0,23.0,4,Swells ~1.5 ft from E. Wind lessening now to ~1-2 kn. Surface rippled. FAIR-to-GOOD viewing conditions.
LTP,1982-09-23 11:40,24.25,25.0,23.5,5,Ripples from NNE. Light breeze. No clouds. Bright sun. GOOD viewing conditions. (Zooplankton population has crashed!)
LTP,1982-10-19 12:10,24.75,25.5,24.0,3,"1-ft swells from east. Wind light and variable. Ripples on swells. Sky 100% overcast. Ceiling ~11,000 ft. Sun weak or totally obscured. FAIR viewing conditions."
LTP,1982-10-29 11:35,21.5,22.0,21.0,3,Rippled. Wind SW @2 kn. Gusts to 10 kn. Sky 80% cloudy. Sun intermittently covered. Moderately bright. FAIR viewing conditions.
LTP,1982-11-10 11:28,23.5,24.0,23.0,3,Smooth swells and ripples from the SE.  Wind 1-3 kn.  Snowing lightly.  Sun weak or obscured intermittently.  Much sky reflection.  FAIR viewing conditions.
LTP,1982-11-24 11:45,26.25,26.5,26.0,5,Smooth swells with ripples.  Sun fairly bright.  No wind.  GOOD viewing conditions.
LTP,1982-12-03 11:35,27.5,28.0,27.0,7,"Flat, calm.  Moderate haze over the sun.  No wind.  EXCELLENT viewing conditions."
LTP,1982-12-31 12:00,31.5,32.0,31.0,7,"Flat, calm.  No wind.  Sun bright, but sky hazy with some smog in the basin (along with ~250,000 people).  EXCELLENT viewing conditions."
LTP,1983-01-10 12:03,29.5,30.0,29.0,5,"Calm with light breeze and ripple from the east. Sky hazy with high, 100% overcast. Warm. GOOD viewing conditions."
LTP,1983-01-20 12:46,32.0,33.0,31.0,7,Calm. Smooth ripples. Cool. Bright sun with ~10% cloud cover. EXCELLENT viewing conditions.
LTP,1983-01-31 12:18,38.5,39.0,38.0,7,"Flat, calm. No clouds. Sun bright but low sun angle. EXCELLENT viewing conditions. Lake is clearing up (note Secchi reading!)."
LTP,1983-02-11 12:16,35.0,35.5,34.5,7,"Flat, calm. Warm. No wind but some high, stratus cloud reflections. Still, EXCELLENT viewing conditions."
LTP,1983-02-23 11:35,23.5,24.0,23.0,3,Waves ~1 ft. Sky reflection high. FAIR viewing conditions. Sun weak. Cool.
LTP,1983-03-07 13:34,24.0,25.0,23.0,3,Smooth ripples and large swells. Sky 100% overcast. Raining. Wind SW @2-3 kn. FAIR viewing conditions. Sun obscured.
LTP,1983-03-18 12:00,25.25,26.0,24.5,3,Ripples from NE. Wind ~1-2 kn. Snow showers around basin. Overcast 100% and lowering. Sky reflection. Weak sun. FAIR viewing conditions.
LTP,1983-03-30 14:50,21.0,22.0,20.0,3,"Waves ~1 ft. Sky overcast ~85%. Sun obscured. Wind SW @5-10 kn; gusty. FAIR viewing conditions. Secchi readings taken ~2.5 hr ""late"" due to (1) late start due to wind and (2) necessity of taking USGS people back to Tahoe City at noon (trip time added ~1.5 extra hours)."
LTP,1983-04-11 11:46,24.0,25.0,23.0,3,Waves 0.5 ft. Wind SW @2-3 kn. Cold. Cloud cover 100% with sun intermittent and weak. FAIR viewing conditions.
LTP,1983-04-21 12:18,22.75,23.5,22.0,3,Smooth ripples and breeze from E. Cloud cover 95%. Sun obscured. Much sky reflection. FAIR viewing conditions.
LTP,1983-05-02 11:59,21.0,21.5,20.5,3,Ripple and light breeze from E. A cloud stubbornly positioned over the sun! Cool. FAIR viewing conditions.
LTP,1983-05-13 10:41,19.25,19.5,19.0,4,"Smooth swells ~1-1.5 ft overlain with ~3"" ripples. Wind E @2-3 kn. Sky clear, but hazy. Sun moderately bright. FAIR-to-GOOD viewing conditions."
LTP,1983-05-23 11:40,20.5,21.0,20.0,7,"Flat, calm. No wind. Bright sun. Warm. EXCELLENT viewing conditions. Surface covered with pollen, debris, dead insects, etc. (probably from Blackwood Creek); probably cut down on light transmission and Secchi readings."
LTP,1983-06-01 11:45,8.5,9.0,8.0,3,"Ripple with SW wind @3 kn. Sky ~80% low cumulus. Cooling off. Sky reflection from clouds. Only FAIR viewing conditions. Water is definitely green in color, probably due to the influence of Blackwood Creek runoff. POC composite took a long time to filter. Some pollen on surface. PPr filters also ""colored"". Note surface temperature difference between here (9.5 C) and yesterday's MLTP0063 (12.2 C) after the SW wind yesterday P.M."
LTP,1983-06-07 12:04,9.75,10.0,9.5,5,"Smooth swells from E. Light breeze. Intermittent rain showers. Cloud cover 100%, but GOOD viewing conditions. The water is distinctly blue-green again and, even with low light conditions, the Secchi depth is again VERY shallow!"
LTP,1983-06-17 12:08,10.0,10.5,9.5,3,Waves ~0.5 ft. Windy from SW @10-15 kn. FAIR viewing conditions.
LTP,1983-06-27 11:30,14.0,14.0,14.0,4,Ripples ~0.5 ft. Wind SW at 5 kn; gusts. Sky clear and sun warm but surface conditions are FAIR-to-GOOD. Secchi disk was given a fresh coat of flat white paint prior to this LTP. It may have increased readings by a meter or so?? Check against last LTP Secchi depth and comparable light readings.
LTP,1983-07-08 13:00,15.25,15.5,15.0,3,Small waves and ripples. Sky overcast and sun intermittently behind clouds. Wind SW @~2-3 kn. FAIR viewing conditions. Wind over last 3 days has caused significant lake water temperature drop and upwelling.
LTP,1983-07-17 12:33,18.75,19.0,18.5,3,"Waves ~1-1.5 ft. SW wind @10 kn. Small whitecaps. Sky free of clouds, but hazy. Only FAIR viewing conditions."
LTP,1983-08-01 12:31,26.5,27.0,26.0,7,Smooth ripples. Light breeze. No clouds. Smog moderate. Warm. EXCELLENT viewing conditions.
LTP,1983-08-11 12:19,22.0,22.5,21.5,4,Small waves are now choppier. Light NE breeze. Small cumulus clouds passing by. FAIR-to-GOOD viewing conditions. It appears that an Asterionella bloom has begun as the Tucker trawl samples are turning green upon formalin addition.
LTP,1983-08-22 13:36,20.0,20.5,19.5,3,"Waves 0.5 to 1.5 ft. Wind west @2-4 kn and gusty. Clouds passing over sun occasionally. Cool and cloudy around the basin. Wind, waves, and some sky reflection make for FAIR viewing conditions."
LTP,1983-09-07 12:32,19.75,20.5,19.0,3,Wind SW @15 kn. White caps ~1-1.5 ft waves. Sky sunny now. FAIR viewing conditions.
LTP,1983-09-20 12:00,13.25,14.0,12.5,4,"Smooth swells from the E, but no wind. Basin hazy but no clouds. FAIR-to-GOOD viewing conditions."
LTP,1983-10-04 11:10,25.5,26.0,25.0,7,"Flat, calm. No clouds or wind. Slight haze. EXCELLENT viewing conditions."
LTP,1983-10-16 11:30,27.0,27.5,26.5,7,"Flat, calm. Bright sun. High stratus moving in makes some sky reflection. EXCELLENT viewing conditions."
LTP,1983-10-26 11:53,24.25,25.5,23.0,5,Rippled. Hazy but no clouds. Sun bright. Light variable breeze. GOOD viewing conditions.
LTP,1983-11-14 12:15,25.0,26.0,24.0,7,"Flat, calm. No clouds overhead or in front of sun. Low sun angle. EXCELLENT viewing conditions."
LTP,1983-11-28 11:41,24.5,25.0,24.0,7,"Flat, calm. Some smog building in the basin. Sun angle low with some sky reflection but EXCELLENT viewing conditions."
LTP,1983-12-12 12:35,19.5,20.0,19.0,3,Rippled ~0.3-ft waves. Sky cloud cover 100%. Much sky reflection. Cold (~26 F). Wind west @2-3 kn. FAIR viewing conditions.
LTP,1983-12-20 12:28,18.5,19.0,18.0,3,Overcast. Low cumulus cover ~90%. Cold and snow flurries. Waves and ripples ~0.5 ft. Much sky reflection. FAIR viewing conditions.
LTP,1984-01-03 12:01,26.25,26.5,26.0,7,"Flat, calm. Warm and sunny but heavy in-basin smog and some high, thin stratus. EXCELLENT viewing conditions. A phytoplankton bloom is in progress! Zooplankton net was quite plugged on all 3 tows (Asterionella?)."
LTP,1984-01-19 11:56,22.5,23.0,22.0,5,Ripples with SW breeze ~1-2 kn. No clouds. GOOD viewing conditions. Phytoplankton bloom is still going strong; net plugging again.
LTP,1984-01-31 11:44,21.75,22.0,21.5,3,"Smooth ripples and light breeze. Sunny, but hazy. GOOD viewing conditions. Nets heavy again with phytoplankton."
LTP,1984-02-10 11:56,22.5,23.5,21.5,5,"Calm, smooth ripples. Sun bright, but low angle. Cumulus cloud cover ~20%, moving in from the west. GOOD viewing conditions."
LTP,1984-02-22 12:54,22.75,23.5,22.0,5,"Now rippled with breeze from the east @~1 kn. Still, GOOD viewing conditions."
LTP,1984-03-06 11:46,22.0,22.5,21.5,7,"Flat, calm. High, moderate overcast moving in from the west; sun shining through. No wind. Warm. EXCELLENT viewing conditions. There appears to be a heavier bloom of net plankton now than earlier this year; the 80-micron net is plugging badly!"
LTP,1984-03-16 11:50,21.0,21.5,20.5,5,"Smooth ripples. Sky overcast but sun shining through. GOOD viewing conditions. There were very strong SW winds yesterday which appear to have re-mixed cold water back up to the surface. However, Secchi is still shallow and phytoplankton bloom continues."
LTP,1984-04-02 12:44,19.25,20.0,18.5,5,"Smooth ripples from SE light breeze. Bright, sunny. Scattered clouds ~15%. GOOD viewing conditions. Phytoplankton bloom has not abated in the least!"
LTP,1984-04-11 12:10,24.5,25.0,24.0,7,"Flat, calm. High, thin haze over sun. Warm and sunny. EXCELLENT viewing conditions. Bloomin' Asterionella are still here!"
LTP,1984-04-24 12:13,15.5,16.0,15.0,3,Surface rippled. Sky now overcast in front of sun. SW wind @5-10 kn with 15-kn gusts. FAIR viewing conditions.
LTP,1984-05-03 12:50,20.0,20.5,19.5,5,Rippled. Sun bright. Wind SW @5 kn. GOOD viewing conditions. Water seems slightly clearer. Water temperature seems to indicate some upwelling has occurred.
LTP,1984-05-14 12:25,14.5,15.0,14.0,4,FAIR-to-GOOD viewing conditions. Surface rippled and sky reflection noticeable. Cloud cover 50% but none over sun now.
LTP,1984-05-29 12:34,22.0,22.5,21.5,7,"Flat, calm. No wind or clouds. EXCELLENT viewing conditions. Some pollen on lake surface. Water seems to be clearing, but Asterionella are growing deeper now. A random 30-->0 m zooplankton tow was almost all Diaptomus and Epischura and few net phytoplankton."
LTP,1984-06-12 10:57,22.5,23.0,22.0,5,Smooth ripples. Light breeze. Sun out from behind 60% cloud cover. GOOD viewing conditions. Asterionella bloom continues to decrease a bit.
LTP,1984-06-25 11:38,23.25,24.0,22.5,7,"Flat, calm. Bright sun. Warm. Moderate ""smaze"" in basin. No wind. EXCELLENT viewing conditions. Some pollen on lake surface. Lots of pollen in water."
LTP,1984-07-09 12:40,17.5,18.0,17.0,4,Ripples with gusty SW winds @5 kn. FAIR-to-GOOD reading conditions.
LTP,1984-07-23 12:20,21.75,22.5,21.0,4,"Smooth wave ripples. Sun peeking in and out of clouds. FAIR-to-GOOD conditions. Asterionella is finally ""gone"" from zooplankton samples."
LTP,1984-08-06 11:15,25.5,26.0,25.0,7,Smooth ripples. No clouds anywhere. Light breezes. Warm and sunny. EXCELLENT viewing conditions.
LTP,1984-08-16 11:43,25.0,26.0,24.0,5,Smooth ripples. GOOD view conditions.
LTP,1984-08-24 11:42,18.75,19.5,18.0,4,Waves ~1 ft. Wind SSW @10 kn and some whitecaps. FAIR-to-GOOD conditions for viewing.
LTP,1984-09-06 14:34,20.75,21.0,20.5,3,Waves 0.75 ft near shore. Wind @10 kn. Whitecaps. Sun bright. Distant cloud cover ~20%. Cooling. FAIR viewing.
LTP,1984-09-17 12:40,29.0,29.5,28.5,7,"Flat, smooth, calm. No clouds over sun; some building into thunderheads to the south. No wind. Moderately hazy in the basin. Lovely, autumn! EXCELLENT viewing conditions."
LTP,1984-09-27 11:41,26.75,27.5,26.0,5,Smooth ripples. Sky clear but hazy in basin due to controlled burn fires in Sugar Pine Point State Park. GOOD viewing conditions.
LTP,1984-10-08 12:18,23.25,23.5,23.0,4,Rippled with 0.75 ft waves. Wind gusty and SW @10-15 kn. Cumulus cloud cover ~10%. FAIR-to-GOOD viewing conditions.
LTP,1984-10-22 11:25,30.0,30.5,29.5,5,"Smooth ripples. Light, SW breeze. Sky clear in front of sun. GOOD viewing conditions."
LTP,1984-11-01 13:35,23.0,23.5,22.5,3,Waves ~1 ft. Wind ~17 mph. Only FAIR viewing conditions.
LTP,1984-11-14 12:03,28.75,29.5,28.0,7,"Flat, calm. No wind. But sun partially obscured by 90% high stratus overcast. Otherwise EXCELLENT viewing conditions. Very strong winds preceding the last two storms have mixed the epilimnion very deeply. Asterionella bloom starting already!"
LTP,1984-11-26 00:00,25.5,26.0,25.0,5,Smooth ripples. Light breeze. Low sun angle with scattered clouds in front of sun. GOOD viewing conditions.
LTP,1984-12-11 12:39,21.5,22.0,21.0,4,Smooth ripples. SW wind gusts 1-5 kn. Light snow flurries passing by. Cool. Sun breaking through occasionally. Secchi disk was painted prior to this LTP. FAIR-to-GOOD viewing conditions.
LTP,1984-12-22 12:12,27.5,28.0,27.0,7,"Flat, calm. No clouds. Some in-basin smog. No wind. Cool. Low sun angle. EXCELLENT viewing conditions!"
LTP,1985-01-02 11:50,29.0,29.5,28.5,7,"Flat, calm. No clouds over sun. Moderate basin smog. EXCELLENT viewing conditions!"
LTP,1985-01-15 12:20,30.25,31.0,29.5,7,"Calm, smooth. No wind. Sun bright. EXCELLENT viewing conditions. Water seems very clear today."
LTP,1985-01-25 11:52,28.25,29.0,27.5,4,Ripples obscure observation. Sky ~80% cloud covered. Wind easterly @1-2 kn. FAIR-to-GOOD viewing conditions. Snow lowered to lake level by ~13:00.
LTP,1985-02-06 11:30,26.5,27.0,26.0,4,Waves ~1/3 ft. Sky overcast thin but ~100% making readings hard. FAIR-to-GOOD viewing conditions.
LTP,1985-02-15 11:28,32.5,33.0,32.0,7,"Flat, calm. Sunny. EXCELLENT viewing conditions."
LTP,1985-02-25 11:35,29.0,29.5,28.5,7,"Flat, calm. Bright sun. No wire angle or wind. No clouds over sun. EXCELLENT viewing conditions."
LTP,1985-03-11 11:47,26.0,27.0,25.0,3,Ripples and SW breeze. Thick clouds passing over sun almost continuously making readings very difficult. A few snow flurries also. Cold and cloudy. Surface rippled. Only FAIR viewing conditions.
LTP,1985-03-21 11:29,22.0,22.5,21.5,4,"Waves and ripples ~1 ft from NE. Breeze ~1-2 kn. Sky clear. Cool. Smooth ripples on shady side of boat. FAIR-to-GOOD viewing conditions. Looks like phytoplankton ""bloom"" is just starting!"
LTP,1985-04-01 11:50,32.5,33.0,32.0,7,"Flat, calm. Bright sun. EXCELLENT viewing conditions. Preceded by strong (40-kn) winds at lake level on 3/27-28."
LTP,1985-04-15 13:10,17.5,18.0,17.0,4,"Waves ~0.75 ft. Wind SW and gusty @5-10 kn. Whitecaps. Sky with high, thin haze. FAIR-to-GOOD viewing conditions."
LTP,1985-04-22 12:20,20.0,21.0,19.0,5,Smooth ripples. Wind E @2 kn. GOOD viewing conditions. No clouds. Cool.
LTP,1985-05-06 12:35,15.75,16.5,15.0,4,"Waves ~0.5 ft. Wind SW @5kn, gusts to 10 kn. ~10% cumulus cloud; clouds passing rapidly over boat to make readings difficult. Sky hazy but sun bright. FAIR-to-GOOD viewing conditions. Some algae beginning to plug the zooplankton net."
LTP,1985-05-13 12:30,21.25,21.5,21.0,7,"Flat, calm. No clouds or wind. Bright sun. EXCELLENT viewing conditions."
LTP,1985-05-19 11:43,21.5,22.0,21.0,7,"Flat, calm. Sunny. Windless. EXCELLENT conditions!"
LTP,1985-05-27 13:03,16.5,17.0,16.0,5,Wind SW @5-10 kn; very windy all day. Waves now
LTP,1985-06-05 13:33,20.5,21.0,20.0,5,Smooth ripples and sun out at time of readings with wind ~5 kn made for GOOD viewing conditions.
LTP,1985-06-18 12:01,24.75,25.0,24.5,7,"Flat, calm. No clouds. EXCELLENT viewing conditions. Lake surface covered with pollen."
LTP,1985-07-01 11:58,23.0,23.5,22.5,0,Smooth. Bright sun. No wind. Warm.
LTP,1985-07-11 11:43,18.0,18.5,17.5,5,"Flat, calm. No wind. Very smoky in basin. Sun weak. South shore not visible. GOOD viewing conditions."
LTP,1985-07-23 11:52,18.0,18.5,17.5,7,"Flat, calm. No clouds or wind. Warm. EXCELLENT viewing conditions."
LTP,1985-08-02 11:59,19.5,20.0,19.0,5,Ripples and wind from NW @1-2 kn. Some sky reflection. GOOD viewing conditions.
LTP,1985-08-12 11:59,23.75,24.5,23.0,5,Smooth ripples from boat wakes. GOOD viewing conditions.
LTP,1985-08-22 11:38,24.75,25.5,24.0,7,"Flat, calm. Bright sun. No clouds. Moderate in-basin smog. No wind. Boat wakes. EXCELLENT viewing conditions."
LTP,1985-09-03 12:49,21.75,22.5,21.0,4,Waves and swells ~1.5 ft and light wind from NE. FAIR-to-GOOD viewing conditions.
LTP,1985-09-13 12:23,21.5,22.0,21.0,4,Waves ~1 ft. Wind SW @5-10 kn. Sun bright. FAIR-to-GOOD viewing conditions.
LTP,1985-09-23 11:32,26.0,26.5,25.5,7,"Flat, calm. Bright sun. No wind. Moderate in-basin smog. EXCELLENT viewing conditions."
LTP,1985-10-04 11:26,28.0,28.5,27.5,7,"Flat, calm. EXCELLENT viewing conditions."
LTP,1985-10-14 11:45,24.25,24.5,24.0,7,"Flat, calm. Sun bright and warm. No wind. Moderate smog and haze. EXCELLENT viewing conditions."
LTP,1985-10-25 11:50,26.25,27.0,25.5,6,"Smooth ripples, but GOOD-to-EXCELLENT viewing conditions. Smoky in the basin due to USFS controlled burning."
LTP,1985-11-04 11:54,20.0,21.0,19.0,4,Waves ~0.5 ft. Lots of sky reflection. Sun is dim. FAIR-to-GOOD viewing conditions.
LTP,1985-11-14 11:34,28.75,29.0,28.5,7,"Flat, calm. Thin haze from high cirrus clouds over sun. No wind. EXCELLENT viewing conditions."
LTP,1985-11-25 11:50,25.75,26.5,25.0,5,Smooth ripples. Sun out. Low cumulus cloud cover ~50%. Cool. Light SW breeze. Some reflection. GOOD viewing conditions.
LTP,1985-12-06 11:43,27.25,27.5,27.0,7,Smooth swells. Surface flat. Cloud cover 50% but sun bright. EXCELLENT viewing conditions.
LTP,1985-12-17 13:04,26.25,26.5,26.0,7,"Flat, calm. No clouds. Bright sun. EXCELLENT viewing conditions."
LTP,1985-12-26 12:07,26.25,26.5,26.0,7,"Flat, calm. Bright sun. No clouds or wind. Warming. Heavy in-basin smog. EXCELLENT viewing conditions."
LTP,1986-01-06 13:26,24.25,24.5,24.0,5,"Bright, warm sun. Light winds. Cloud cover ~1%. Surface quite rippled from NE breeze. Still, GOOD viewing conditions."
LTP,1986-01-20 12:48,27.5,28.0,27.0,5,Smooth ripples and breeze @0-1 kn from SSE. Sun clear of clouds now. Cool. Low cumulus ~40%. GOOD viewing conditions.
LTP,1986-02-21 11:50,27.5,28.0,27.0,5,Ripples and waves from SW wind @~5 kn with sky reflection and thin clouds over sun. GOOD viewing conditions.
LTP,1986-03-03 11:55,29.5,30.0,29.0,5,Clear sky. Light NE breeze. Surface rippled. GOOD viewing conditions.
LTP,1986-03-14 11:39,26.5,27.0,26.0,5,"Wind, ~2 kn, shifted abruptly from SE to SW @~11:35. Scattered, low cumulus cloud cover 10% (none over sun). Cool. Temperature is dropping. GOOD viewing conditions."
LTP,1986-03-25 11:37,27.25,27.5,27.0,7,"Flat, calm. Some sky reflection. No wind. EXCELLENT viewing conditions."
LTP,1986-04-08 12:12,19.0,20.0,18.0,3,"Ripples ~4"". Cool. Overcast 100%. Wind SW @2-3 kn. FAIR viewing conditions."
LTP,1986-04-19 11:28,24.25,24.5,24.0,7,"Flat, calm. No clouds over sun. Warm. No wind EXCELLENT viewing conditions."
LTP,1986-05-01 11:41,18.5,19.0,18.0,3,Waves ~1-1.5 ft. Wind SW @3-5 kn. Clouds passing continuously over sun making readings difficult. Sky reflection and waves makes for FAIR viewing conditions.
LTP,1986-05-09 11:32,24.25,24.5,24.0,6,"Ripples from east. High stratus moving in over sun. Warm, light easterly breeze. GOOD-to-EXCELLENT viewing conditions."
LTP,1986-05-18 12:10,27.5,28.0,27.0,7,Calm. Smooth ripples. High stratus covering sun. Warm. No wind. EXCELLENT viewing conditions.
LTP,1986-05-29 12:48,24.75,25.0,24.5,7,"Flat, calm. No clouds. Warm. Bright EXCELLENT viewing conditions."
LTP,1986-06-11 12:51,22.75,23.0,22.5,5,"Flat, calm. But thunderclouds going over sun continually. GOOD viewing conditions. Pete Sawyer's readings ---> 21.5 m down and 21.0 m up for an avg. of 21.25 m."
LTP,1986-06-19 11:48,26.25,27.0,25.5,0,Calm. Very slight swell. Slight wind ripple. Asterionella bloom!
LTP,1986-06-30 11:30,21.5,22.0,21.0,0,"Flat, calm for Pete Sawyer's readings. Small wind ripples for Debbie Fellow's readings."
LTP,1986-07-10 00:00,20.5,21.0,20.0,0,"Calm, smooth. High clouds and variable light conditions."
LTP,1986-07-20 00:00,23.5,24.0,23.0,0,"Calm, smooth. Perfect weather."
LTP,1986-07-30 00:00,22.5,23.0,22.0,0,Smooth. Calm. Perfect.
LTP,1986-08-11 12:20,21.5,22.0,21.0,0,"Choppy. Difficult viewing. Then again, maybe Debbie Fellows should put on her glasses!"
LTP,1986-08-22 11:48,23.5,24.0,23.0,7,"Smooth ripples. Hot sun. No wind; calm. Thin, scattered stratus ~10%. Moderate basin smog. EXCELLENT viewing conditions."
LTP,1986-09-02 11:48,22.0,22.5,21.5,0,"Smooth ripples. Bright, warm sun. No clouds. Moderate basin smog. Light, variable breezes."
LTP,1986-09-12 11:30,19.75,20.5,19.0,3,Waves ~1 ft. Wind SW and gusty @~5-10 kn. Cloud cover high stratus and continually changing. Ripples and sky reflections. FAIR viewing conditions.
LTP,1986-09-23 11:27,25.5,26.0,25.0,7,"Flat, calm. EXCELLENT viewing conditions."
LTP,1986-10-04 12:07,19.5,20.0,19.0,3,"Waves ~1.5 ft. Wind from E @~5 kn. Sky clear of clouds, but hazy. FAIR viewing conditions."
LTP,1986-10-15 11:23,24.25,24.5,24.0,7,"Flat, calm. Bright sun. No wind. Warming. But very smoggy in the basin due to USFS controlled burning, stove wood smoke, cars, and fuel oil. EXCELLENT viewing conditions."
LTP,1986-10-24 11:27,25.75,26.5,25.0,7,"Flat, calm. Sun cloud-covered. Some sky reflection, but EXCELLENT viewing conditions."
LTP,1986-11-03 11:28,27.25,28.0,26.5,7,"Flat, calm. No wind or clouds. Sunny except for smoke in basin from USFS controlled burns. EXCELLENT viewing conditions."
LTP,1986-11-13 11:28,25.5,26.0,25.0,5,Waves from SW ~1 ft high. Winds gusty @3-5 kn. Sun bright with no clouds over it. GOOD viewing conditions.
LTP,1986-11-24 12:08,20.0,20.5,19.5,3,"Windy from SW @15 kn with gusts to 20 kn. Sky clear, but whitecaps make viewing only FAIR."
LTP,1986-12-08 11:52,28.25,28.5,28.0,5,"Rippling, difficult to see at times. Therefore GOOD viewing conditions (DAF). DAF had better viewing conditions than RCR."
LTP,1986-12-23 14:03,19.5,20.0,19.0,3,Waited until clouds cleared away from sun. But then N wind and waves came up! Waves 1.5-2.5 ft. Wind from E @5 kn. Whitecaps. Sky clear over sun. Only FAIR viewing conditions due to waves.
LTP,1987-01-05 13:20,23.75,24.5,23.0,3,"Snowing fairly hard. Wind SW @5 kn, gusty. Sun attempting to shine through clouds weakly. Ripples and sky reflection make viewing only FAIR. Lots of Asterionella in zooplankton tows."
LTP,1987-01-17 13:01,21.0,21.5,20.5,3,Waves from E @~2-2.5 ft. Wind @5-10 kn. Cold. 0% clouds. No clouds over sun. Sun angle is low. FAIR viewing conditions.
LTP,1987-01-29 12:06,27.0,27.5,26.5,5,"Flat and calm but sun behind a thickening, high overcast moving in from the SW. Thick cloud cover and sky reflection ~100% but GOOD viewing conditions."
LTP,1987-02-09 12:24,26.25,27.0,25.5,6,Flat and calm with 100% sky reflection but GOOD-to-EXCELLENT viewing conditions.
LTP,1987-02-21 12:15,19.5,20.0,19.0,3,Waves and wind now NE and cold. Sky reflection and waves make for only FAIR viewing conditions.
LTP,1987-03-17 12:18,21.0,22.0,20.0,4,Ripples from SE with breeze @3 kn. Sky overcast over sun and clouds moving past continually and thickening. Sky reflection and less sun makes viewing conditions FAIR-to-GOOD.
LTP,1987-03-27 12:10,27.5,28.0,27.0,5,"Smooth ripples and 1-2 kn breeze from ESE. Cool, but bright sun and no clouds. GOOD viewing conditions."
LTP,1987-04-08 11:44,23.5,24.0,23.0,5,"Smooth ripple with light SE breeze. Hazy sun. Cool. GOOD viewing conditions. Amount of ""macro-algae"" in zooplankton tows has decreased somewhat."
LTP,1987-04-20 11:50,31.75,32.0,31.5,7,"Smooth ripples. Bright, warm sun. No wind. A few wispy clouds about--nice! Boat not moving. EXCELLENT viewing conditions. Water has cleared considerably due to cold, stormy conditions during last few days (upwelling). Many zooplankton or detrital particles evident near surface."
LTP,1987-05-03 12:07,24.0,25.0,23.0,5,Smooth ripples and easterly swells. Light breezes. Bright sun. Thin haze. GOOD viewing conditions.
LTP,1987-05-13 12:06,27.0,27.5,26.5,7,"Flat, calm. Warm. No wind. Bright sun behind some thin, high, wispy stratus. EXCELLENT viewing conditions."
LTP,1987-05-26 12:15,20.75,21.0,20.5,3,Choppy. Sky overcast ~95%. Waves ~1 ft. Much reflection. Only FAIR viewing conditions. Winds from W and NW @5 kn. Boat drifting with wire angle ~5 to 40 degrees.
LTP,1987-06-09 11:40,29.0,29.5,28.5,6,Smooth ripples. No clouds over sun. Light breeze. GOOD-to-EXCELLENT viewing conditions.
LTP,1987-06-22 11:40,25.0,25.5,24.5,5,Ripples from NE breeze @~1-2 kn. Sky clear and sunny. GOOD viewing conditions.
LTP,1987-07-03 12:36,23.5,24.0,23.0,4,Waves now ~1 ft from west with breeze @2-3 kn. GOOD to FAIR viewing conditions.
LTP,1987-07-13 11:59,26.5,27.0,26.0,7,"Flat, calm. Warm. 0% clouds. EXCELLENT viewing conditions."
LTP,1987-07-24 11:31,25.0,26.0,24.0,5,Waves ~1 ft from NE with breeze @3 kn. Sky clear and sunny. GOOD viewing conditions.
LTP,1987-07-30 12:15,26.0,27.0,25.0,6,Light ripples with SSW breeze @~1-2 kn. Bright sun. GOOD-to-EXCELLENT viewing conditions.
LTP,1987-08-11 12:06,22.5,23.0,22.0,5,"Waves from E @~1 ft. Light breeze. Bright, warm sun. No clouds. Smoggy in the basin. GOOD viewing conditions except for surface ripples."
LTP,1987-08-20 11:48,26.5,27.0,26.0,7,Smooth waves from boat wakes. Sky clear in between clouds. Warm. Light breezes. EXCELLENT viewing conditions.
LTP,1987-08-31 11:56,31.0,31.5,30.5,7,"Smooth ripples. Warm. Bright sun. Calm, no wind. Cumulus clouds gathering for afternoon thunderstorms."
LTP,1987-09-09 00:00,26.75,27.0,26.5,7,"Calm. Smooth ripples. No clouds over sun. Warm. No wind. But smoky. EXCELLENT viewing conditions. Over past 1.5 week, smoke filled Tahoe basin--several fires all over California. Smoke now very heavy from Rubicon R. fire. Visibility improved from ~3 mi. to 10-15 mi. today."
LTP,1987-09-23 11:57,26.5,27.0,26.0,7,"Flat, calm, warm, no wind. High thin cirrus and stratus clouds over sun. EXCELLENT viewing conditions."
LTP,1987-10-05 12:20,27.0,27.5,26.5,7,"Flat, calm, no wind. Warm. No clouds. But still smoggy. EXCELLENT viewing conditions."
LTP,1987-10-15 11:53,27.25,27.5,27.0,7,Smooth ripples. Bright sun through basin smaze. Warm. EXCELLENT viewing conditions.
LTP,1987-10-26 11:50,23.25,24.0,22.5,4,Rough. Waves and whitecaps ~1.5 - 2 ft. Wind E a little less than 5-10 kn. Bright sun. FAIR-to-GOOD viewing conditions.
LTP,1987-11-06 11:55,20.25,21.0,19.5,4,Ripples and waves ~3/4 ft. Sky overcast and lowering to ~500ft. Wind W @5-10 kn. Cool. Misty rain falling. A lot of sky reflection. FAIR-to-GOOD viewing conditions.
LTP,1987-11-16 11:45,21.5,22.0,21.0,4,SW wind @5 kn and ~1-ft waves picked up ~10 min. before readings. Only FAIR-to-GOOD conditions. Debbie Fellows (DAF) had a wire angle of ~45 degrees therefore disregard her reading-->(I=25.0 II=24.0 @11:50).
LTP,1987-11-27 11:59,28.0,28.5,27.5,7,Smooth ripples. No wind. Bright sun (no clouds). Warm. EXCELLENT viewing conditions.
LTP,1987-12-11 11:54,20.25,21.0,19.5,4,Waves ~2.5 ft. Wind from ENE @2-3 kn. Cold. Low clouds (~8000 ft) passing over sun. Sky reflections. FAIR-to-GOOD viewing conditions.
LTP,1987-12-29 12:20,22.0,23.0,21.0,4,"FAIR TO GOOD conditions due to ripples, 100% sky reflection, and weak sun."
LTP,1988-01-07 11:55,17.25,18.5,16.0,3,"Whitecaps, with small waves and gusty winds SW @15-20 kn. Sky now overcast. FAIR viewing conditions."
LTP,1988-01-18 12:58,35.5,36.0,35.0,7,"Reading checked twice. 35.5 m both times. Flat. Calm. No clouds over sun now! No wind. Cold. EXCELLENT viewing conditions. Phytoplankton bloom beginning? Fluorescence readings ""jumpy"" due to large alga (Uroglena) in samples."
LTP,1988-01-28 11:58,22.5,23.0,22.0,4,Waves ~1 ft. SW wind @5 kn. Sky slightly overcast. FAIR-to-GOOD viewing conditions.
LTP,1988-02-08 11:52,29.0,29.5,28.5,7,"Glassy, calm. No wind or waves, nor clouds. EXCELLENT viewing conditions."
LTP,1988-02-24 11:41,24.75,25.0,24.5,7,"Flat, calm, etc. EXCELLENT viewing conditions."
LTP,1988-03-08 11:37,19.5,20.0,19.0,6,"Has the spring bloom begun? Fluorometer readings still fluctuating due to colonial alga, Uroglena americana -- a Chrysophyte. Light ripple with SE breeze. Sky clear and sun bright. GOOD-to-EXCELLENT viewing conditions."
LTP,1988-03-18 11:30,22.5,23.0,22.0,7,"Flat, calm. Bright, warm sun. No clouds. EXCELLENT viewing conditions. Colonial algal bloom (Uroglena americana) continues because I can see what looks like ""bubbles"" in the reflected-back light from the Secchi disk as I lower it."
LTP,1988-04-01 11:28,20.25,21.0,19.5,7,"Smooth ripples. Bright sun. Calm, no wind. Warm. EXCELLENT viewing conditions. Uroglena bloom continues with perhaps more colonies than last time. Bkg. fluorescence increases 10-15 units by passage of colony through light beam."
LTP,1988-04-11 11:37,26.0,26.5,25.5,7,"Flat, calm. Very hazy sky. No wind. Sun warm. Moderately heavy basin smog. EXCELLENT viewing conditions! Fluorescence varies widely due to large colonies of Uroglena-type cells."
LTP,1988-04-21 11:33,15.0,16.0,14.0,3,Waves ~1/2 ft. Wind SW @2-3 kn. Sun behind clouds. Snowing lightly. Only FAIR viewing conditions! Uroglenopsis sp. now very prevalent in surface water and easily seen with backlight reflectance--a major bloom (~20 colonies/ml)! Fluorescence readings very unstable and variable.
LTP,1988-05-02 11:35,23.75,24.5,23.0,4,"Ripple and cool SE breeze @1-2 kn. Sky ~75% covered with high, moderate stratus which is changing continually. GOOD TO FAIR reading conditions. Uroglena is still very abundant, but perhaps a little less. Fluorescence readings easier to make due to fewer colonies."
LTP,1988-05-12 12:10,22.0,23.0,21.0,5,"A lot of small insect and/or zooplankton carcasses on the surface. Ripples ~6"". Wind picking up SW @2-5 kn in gusts. Sky clear, sun bright. GOOD viewing conditions. Wind and waves came up for DAF's reading."
LTP,1988-05-30 11:24,28.0,28.5,27.5,5,Waves from NNW ~0.5 ft. Wind @2-3 kn. Cool. Bright sun with no clouds over it. Smooth ripples. GOOD viewing conditions.
LTP,1988-06-15 12:22,29.5,30.0,29.0,7,Smooth. Light breeze. Sun out now with no cloud reflection. EXCELLENT viewing conditions.
LTP,1988-06-28 11:47,24.5,25.0,24.0,0,Waves ~0.5 ft. Wind SW and gusty @3-5 kn.
LTP,1988-07-08 11:29,33.0,34.0,32.0,7,"Smooth swells. Warm. No clouds anywhere but moderate-to-heavy, in-basin smog. EXCELLENT viewing conditions. Very clear for July!"
LTP,1988-07-19 12:15,30.5,31.0,30.0,7,"Smooth ripples caused by boat wakes. Warm sum. No clouds. Light-to-moderate, in-basin smog. EXCELLENT viewing conditions!"
LTP,1988-07-29 12:01,28.75,29.0,28.5,7,Smooth ripples from boats. No wind or clouds but smoggy and very warm. EXCELLENT viewing conditions.
LTP,1988-08-11 11:32,27.25,27.5,27.0,7,"Smooth swells. Clear sky but thunderheads starting to build. Warm, sunny. No wind. EXCELLENT viewing conditions."
LTP,1988-08-23 11:52,28.5,29.0,28.0,5,Many ski boat wakes. ~15% cloud cover but sun bright. GOOD viewing conditions.
LTP,1988-09-02 12:43,26.5,27.0,26.0,7,Smooth ripples from boat. Warm sun. No clouds over sun but cumulonimbus building to SW. EXCELLENT viewing conditions.
LTP,1988-09-14 11:06,27.0,27.5,26.5,7,"Flat, calm. No clouds. Except for the smoke, EXCELLENT viewing conditions."
LTP,1988-09-27 10:54,23.75,24.5,23.0,5,"Ripples and breeze from East. Cool. Sun weakening as high, thin, stratus moves in. GOOD viewing conditions, but sun is veiled in clouds."
LTP,1988-10-07 11:37,28.0,28.5,27.5,7,Flat and calm. Bright sun unclouded. But very smoggy in the basin. Warm and windless. EXCELLENT viewing conditions.
LTP,1988-10-18 11:48,26.0,26.5,25.5,7,"Flat, calm, warm. No clouds over sun. Moderate in-basin smog. EXCELLENT viewing conditions."
LTP,1988-10-31 11:27,26.0,26.5,25.5,0,"Flat, calm. Sunny with thin, high stratus moving in from the west."
LTP,1988-11-15 11:32,20.0,20.5,19.5,4,"Waves ~0.5 ft. Weak sun with light, rainy snow showers. Breeze SW @1-2 kn. FAIR-to-GOOD viewing conditions"
LTP,1988-11-28 12:15,21.0,22.0,20.0,5,Waves ~1.5 ft from NNW and wind @5 kn but sky clear. GOOD viewing conditions.
LTP,1988-12-09 10:55,19.25,19.5,19.0,4,Waves were ~1-1.5 ft from East with 1-3 kn breeze but now calming down a bit. Moderately thick haze over sun but haze is thinning. Low sun angle and sun brightening cloudy overcast make for FAIR-to-GOOD conditions.
LTP,1988-12-30 13:10,15.5,17.0,14.0,3,"Waves 1-1.5 ft. SW wind @10 kn, gusts to 25 kn. Sky darker and starting to snow. FAIR viewing conditions. Some sky reflection."
LTP,1989-01-09 11:59,21.5,22.0,21.0,5,Smooth ripples. Wind NW @1-2 kn. Sky clearing slowly but ~80% covered with low cumulus. GOOD viewing conditions. Some sky reflection.
LTP,1989-01-19 11:32,25.0,25.5,24.5,7,"Flat, calm. Cool but sunny. No clouds over sun. Smoggy in basin. ~5% thin, scattered stratus. EXCELLENT viewing conditions."
LTP,1989-01-30 11:23,29.25,29.5,29.0,7,"Flat, calm. Cool. Bright sun. No wind. Smoggy in basin. EXCELLENT viewing conditions!"
LTP,1989-02-09 14:33,41.0,41.5,40.5,6,Smooth. No visible sun. Snowing lightly. No wind. 100% low cloud cover. GOOD-to-EXCELLENT viewing conditions even with 100% cloud cover and sky reflection. Other readings by RCR --> (I=36.5 II=35.0 off Obexer's @12:53).
LTP,1989-02-20 12:12,37.25,37.5,37.0,7,"Flat, calm. No wind. Bright sun. EXCELLENT viewing conditions."
LTP,1989-03-06 11:51,26.75,27.5,26.0,4,Surface rippled. Wind SW and gusty @2-15 kn. Sky hazy but sun fairly bright. FAIR-to-GOOD viewing conditions.
LTP,1989-03-20 10:54,31.0,31.5,30.5,7,Smooth swells. Bright sun. Very thin clouds. EXCELLENT viewing conditions.
LTP,1989-04-05 13:30,27.25,27.5,27.0,7,"Smooth, calm. Perfect. Can't get much better."
LTP,1989-04-17 10:31,18.0,18.5,17.5,7,"Flat, calm. Warm, bright sun."
LTP,1989-04-27 10:41,19.0,19.5,18.5,7,Smooth ripples. Cool. Bright sun. ~30% clouds around basin. EXCELLENT viewing conditions.
LTP,1989-05-09 11:07,15.0,15.5,14.5,3,"Small waves. Raining. Wind NW @1-2 kn. 100% cloud cover, no sun visible. FAIR viewing conditions."
LTP,1989-05-24 13:13,14.5,15.0,14.0,4,Rippled. Cool. SW wind @5 kn. Much sky reflection. FAIR-to-GOOD viewing conditions.
LTP,1989-06-05 11:10,19.25,19.5,19.0,6,"Smooth ripples. Bright sun. Light, SE breeze. GOOD-to-EXCELLENT viewing conditions."
LTP,1989-06-19 12:01,16.5,17.0,16.0,0,"Waves ~1.5 ft. Gusty, SW winds @10-25 kn. Warm. Light, in-basin smog. High, cirrostratus clouds. Cloud cover ~30%."
LTP,1989-06-29 11:36,19.5,20.0,19.0,5,Waves ~0.5 ft. Sky clear. Sun bright. Cool. Wind SW @5 kn but now calming down. GOOD viewing conditions.
LTP,1989-07-10 11:10,22.0,22.5,21.5,7,"Calm. No clouds or wind. Warm, bright sun. EXCELLENT viewing conditions."
LTP,1989-07-20 11:53,25.0,25.5,24.5,7,"Smooth ripples. Warm sun. High, variable stratus. Light breezes. EXCELLENT viewing conditions."
LTP,1989-08-02 11:37,24.25,24.5,24.0,5,Smooth ripples. Bright sun. No clouds. Light E breeze. GOOD viewing conditions.
LTP,1989-08-11 11:23,23.75,24.5,23.0,5,Waves ~3/4 ft from E. Easterly breeze up to ~3 kn. Bright sun. A few clouds. GOOD viewing conditions.
LTP,1989-08-21 11:55,24.5,25.0,24.0,7,Smooth ripples. Calm winds. Warm. Bright sun. Some small cumulus forming around basin. EXCELLENT viewing conditions.
LTP,1989-09-01 11:24,26.0,26.5,25.5,5,Smooth ripples. Light breezes. Some sky reflections. GOOD viewing conditions.
LTP,1989-09-13 11:39,29.0,29.5,28.5,7,"Smooth. Bright, warm sun. No clouds or wind. EXCELLENT viewing conditions."
LTP,1989-09-25 11:30,22.5,23.0,22.0,4,"Waves 1-1.5 ft. Whitecaps. SW wind @10 kn, gusts to 20 kn. No clouds over sun. FAIR-to-GOOD surface conditions."
LTP,1989-10-06 12:02,27.75,28.5,27.0,7,"Flat, calm. Bright sun. No clouds over sun, but basin is quite smoggy. EXCELLENT viewing conditions."
LTP,1989-10-16 11:19,28.0,28.5,27.5,7,"Smooth ripples from SE. Sun bright. No clouds in the way. Light breezes. Heavy, in-basin smog. EXCELLENT viewing conditions."
LTP,1989-10-26 11:31,21.75,22.5,21.0,4,"Large, smooth ripples. 90% overcast and sky reflection make viewing a bit difficult. FAIR-to-GOOD conditions. Uroglena americana colonies have reappeared (2-5 colonies per fluorometer test tube from 0 to ~40 m depth -- none in deeper samples)."
LTP,1989-11-06 11:01,22.0,22.5,21.5,5,Smooth ripples. SW breeze @1-2 kn. Moderate stratus over sun. Lots(!!) of Uroglena americana in water. GOOD viewing conditions.
LTP,1989-11-15 11:18,21.75,22.0,21.5,7,"Flat, calm, no wind. 100% cloud cover. Moderate sun. EXCELLENT viewing conditions. Uroglena americana is interfering with a better Secchi disk reading!"
LTP,1989-11-28 00:00,21.75,22.0,21.5,7,"Smooth and calm. Bright sun. No clouds or wind. Balmy. Wonderful. EXCELLENT viewing conditions, but Uroglena americana is hampering view (also causing large fluctuations in fluorescence measurements)."
LTP,1989-12-08 10:39,16.0,16.5,15.5,3,"Waves 1 ft. Wind SW @10 kn, gusts @15 kn. Whitecaps. Sky reflection and the moderate haze over sun make for only FAIR viewing conditions. Uroglena americana colonies present (can effectively double or triple the fluorescence temporarily!)."
LTP,1989-12-19 12:09,21.0,21.5,20.5,7,"Flat, calm, no wind. Bright sun with low angle. Basin hazy. EXCELLENT viewing conditions except for the ""pesky"" chrysophyte (Uroglena americana) bloom!"
LTP,1989-12-30 11:55,19.0,19.5,18.5,5,Waves from east ~1-1.5 ft. Lake has calmed down quite a bit (0-2 kn). Sky clear. Sun angle quite low. GOOD viewing conditions. Uroglena americana is still predominant and is hampering Secchi readings!
LTP,1990-01-09 11:40,23.5,24.0,23.0,5,Gusty SW winds @2-10 kn. Waves ~0.5 ft with whitecaps. Sky clear. Sun angle low. Fewer waves during Secchi reading due to boat acting as a damper! Equals GOOD viewing conditions. Uroglena americana seems to be decreasing a bit?
LTP,1990-01-19 12:01,25.0,25.5,24.5,7,"Flat, calm. Bright sun (low sun angle). Cool. No clouds. EXCELLENT viewing conditions. Uroglena americana is still around (?) but not very common in fluorometer samples."
LTP,1990-01-31 11:53,27.75,28.0,27.5,5,"Rippled. West wind (breezes) picking up. Sun slowly decreasing as high status moves in from the west. GOOD viewing conditions. It looks like Uroglena americana has finally crashed! The water is getting more transparent, too."
LTP,1990-02-15 12:18,28.75,29.5,28.0,6,Smooth. E breeze @1 kn. Sun covered with moderate clouds. GOOD-to-EXCELLENT viewing conditions. It looks as if a Dinobryon/Asterionella bloom is beginning!
LTP,1990-02-26 11:35,29.5,30.0,29.0,0,"Flat, calm. Bright sun with no clouds over it. Warm. Lots of cumulus clouds around basin (~50%), some with rain showers! Large storm 8-10 days ago brought 3-4 ft of snow to the west shore at lake level!"
LTP,1990-03-09 11:50,36.5,37.5,35.5,6,"Small, 0.5 ft waves. Easterly breeze @1-2 kn. But GOOD-to-EXCELLENT viewing conditions. The strong SW winds yesterday caused a lot of upwelling and a corresponding increase in clarity."
LTP,1990-03-20 11:33,31.25,32.0,30.5,7,"Flat, calm. Warm, bright sun. No clouds. EXCELLENT viewing conditions! It appears that more upwelling occurred again yesterday with the SW winds @10-20 kn bringing up cold, clear water (see temperature readings)."
LTP,1990-03-29 12:14,24.5,25.0,24.0,6,Smooth ripples. Breeze from the east. Light cirrus clouds over sun and they're increasing. GOOD-to-EXCELLENT viewing conditions. Zooplankton net seems to be plugging more.
LTP,1990-04-09 11:55,21.0,21.5,20.5,7,Smooth ripples. Bright sun. Some jet contrails around. EXCELLENT viewing conditions.
LTP,1990-04-24 11:03,20.0,20.5,19.5,5,Ripples and 2 kn wind from SE. GOOD viewing conditions. Water appears somewhat turbid and bluish-green.
LTP,1990-05-03 11:32,22.5,23.0,22.0,6,"Waves ~0.75 ft from NE as wind dies down. Sun bright and clear. GOOD-to-EXCELLENT viewing conditions. Water is a bit ""cloudy"" looking."
LTP,1990-05-14 11:43,18.5,19.0,18.0,4,Viewing conditions FAIR-to-GOOD. Ripples. Sky reflections and gusty breezes.
LTP,1990-05-24 12:35,15.0,16.0,14.0,4,Waves. Cold wind @5-10 kn. Boat drifting quickly. Bright sun. Water looks greenish. Only FAIR-to-GOOD viewing conditions.
LTP,1990-06-04 12:25,15.5,16.0,15.0,4,"Rippled waves ~0.5 ft. SW breeze gusty @3-5 kn. Sky clear. Water appears turbid, greenish-blue. FAIR-to-GOOD viewing conditions."
LTP,1990-06-14 10:39,20.75,21.0,20.5,0,Ripples with light breeze from SE. Bright sun. Approx. 15% cumulus cloud cover around the basin.
LTP,1990-06-28 00:00,24.0,25.0,23.0,0,"Calm, smooth. No clouds."
LTP,1990-07-12 11:56,24.5,25.0,24.0,5,Smooth water. Calm. Scattered clouds (~40% of sky). GOOD viewing.
LTP,1990-07-26 12:05,22.25,22.5,22.0,0,"Calm. Clear, no clouds. Bright sun."
LTP,1990-08-06 11:48,23.25,24.0,22.5,6,"Smooth ripples. Bright warm sun. Moderate-to-heavy, in-basin smog. No wind. GOOD-to-EXCELLENT viewing conditions."
LTP,1990-08-17 11:33,21.0,21.5,20.5,4,Waves ~0.5 ft. SW gusty breezes. Sun out. FAIR-to-GOOD viewing conditions.
LTP,1990-08-31 12:22,26.75,27.5,26.0,7,Calm. Smooth swells. EXCELLENT viewing conditions.
LTP,1990-09-17 11:52,25.75,26.0,25.5,6,Smooth swells. Sun hazy with alto-cumulus small clouds passing over sun continuously. GOOD-to-EXCELLENT viewing conditions.
LTP,1990-09-27 12:21,22.0,22.5,21.5,5,Small waves from the east with 1-2 kn breeze. Sun out. GOOD viewing conditions. 4-5 days of stormy weather preceded this LTP.
LTP,1990-10-09 11:51,26.0,26.5,25.5,7,"Flat, calm. No clouds. Sunny. EXCELLENT viewing conditions."
LTP,1990-10-20 12:21,26.25,27.0,25.5,6,"Smooth, easterly swells ~1-1.5 ft. Sun bright, but sun angle starting to get lower. GOOD-to-EXCELLENT viewing conditions."
LTP,1990-10-30 11:37,21.5,22.0,21.0,5,Waves ~0.5 ft. Wind SW @3-5 kn. Sun angle getting lower! GOOD viewing conditions.
LTP,1990-11-12 11:44,24.5,25.0,24.0,7,Calm. EXCELLENT viewing conditions.
LTP,1990-11-26 13:10,19.5,20.0,19.0,3,"Waves ~1 ft. Sky partly cloudy with low cumulus passing sun. Cold, 18 degrees F. FAIR viewing conditions with sun behind clouds."
LTP,1990-12-07 12:02,23.5,24.0,23.0,7,"Flat, calm. Bright sun. EXCELLENT viewing conditions!"
LTP,1990-12-18 12:02,20.0,20.5,19.5,4,Smooth ripples. Wind gusty (from 0 to 5 kn). Sky cloudy with 90% thin stratus moving over sun. Sun angle low. FAIR-to-GOOD viewing conditions.
LTP,1990-12-28 11:49,20.5,21.0,20.0,5,"Ripples and breeze from SW. Cool. No clouds. Sunny, but LOW sun angle. GOOD viewing conditions in lee of boat."
LTP,1991-01-07 11:40,20.0,20.5,19.5,4,Waves ~0.5 ft. Sky 100% overcast and snowing. But sun sometimes seen faintly. FAIR-to-GOOD viewing conditions.
LTP,1991-01-17 12:45,20.25,21.0,19.5,4,Rough. Waves 1.5-2 ft from east. Sky with moderate cirrostratus overcast--changing slightly. Sun visible but low in sky. FAIR-to-GOOD viewing conditions.
LTP,1991-01-28 12:14,20.5,21.0,20.0,5,"Ripples and 2 kn breeze from SE. Sky 100% clear, but moderate smog in basin. Sun angle low. GOOD viewing conditions. Lake has a dusty, greenish cast to it from a fairly large, globular, amorphous, variably-shaped alga (Botryococcus Braunii)."
LTP,1991-02-07 11:12,21.5,22.0,21.0,5,Smooth ripples. Fog lifting but sill 95% cover at ~400 ft. Calm. Sun shining weakly. GOOD viewing conditions. Botryococcus Braunii still prevalent.
LTP,1991-02-19 11:37,20.25,21.0,19.5,6,"Light ripples. Sun warm but covered with high, light-to-moderate stratus -- changing gradually. GOOD-to-EXCELLENT viewing conditions."
LTP,1991-03-18 12:07,24.0,25.0,23.0,5,"Flat, calm. 100% overcast cumulus. Snow flurries around basin. Light breezes. Some sky reflection from overcast. GOOD viewing conditions. Stormiest March (snowfall) in at least the last 20 years."
LTP,1991-03-29 12:12,26.75,27.5,26.0,5,Waves ~1.5 ft from NE wind @ 2-4 kn. Sky clear. GOOD viewing conditions. March has been the stormiest in recent history (over 20 years) bringing more snow than in all of the previous winter months.
LTP,1991-04-08 12:11,27.5,28.0,27.0,7,Smooth ripples from E. Sun warm and bright. Light in-basin smog. Light breezes. EXCELLENT viewing conditions. Upwelling has occurred as evidenced in the temperature profile and the slightly deeper Secchi reading.
LTP,1991-04-19 11:48,23.5,24.5,22.5,7,"Flat, calm. Bright, warm sun. Thin haze over most of the sky; 5% cumulus and 20% stratus to the south. EXCELLENT viewing conditions."
LTP,1991-04-29 11:34,24.0,24.5,23.5,7,"Flat, calm. No clouds. EXCELLENT viewing conditions."
LTP,1991-05-13 11:13,15.75,16.5,15.0,4,Waves ~0.5 ft from the SW with 2-3 kn breeze. Raining. Sun very dim through 100% overcast. A lot of sky reflection. FAIR-to-GOOD viewing conditions.
LTP,1991-05-23 11:28,22.5,23.0,22.0,7,"Flat, calm. No sky reflection or wind or ripples. EXCELLENT viewing conditions."
LTP,1991-06-04 12:07,18.0,19.0,17.0,5,Waves ~0.75 ft. Wind gusty from SW @3-5 kn with occasional small whitecaps. Bright sun. GOOD viewing conditions. Pollen is evident on water surface.
LTP,1991-06-13 12:21,18.5,19.0,18.0,5,Ripples ~0.5 ft. Wind SW @2-5 kn. GOOD viewing conditions. Lots of pollen on lake surface and in zooplankton tows.
LTP,1991-06-24 12:03,24.0,24.5,23.5,5,Bright sun. Smooth ripples from W. Breezy. ~40% cumulus cloud cover. Some sky reflection. GOOD viewing conditions.
LTP,1991-07-05 11:45,25.0,25.5,24.5,7,"Smooth swells. Bright, warm sun. No clouds. EXCELLENT viewing conditions. Lots of pollen on lake surface."
LTP,1991-07-15 12:29,25.25,26.5,24.0,5,"Ripples. Gusty SW breeze. Bright, warm sun. No clouds. Moderate in-basin smog. GOOD viewing conditions (some sun reflection)."
LTP,1991-07-29 12:07,23.5,24.5,22.5,7,"Smooth ripples. Heavy smog. Bright, warm sun. A few small clouds beginning to appear. EXCELLENT viewing conditions."
LTP,1991-08-09 12:18,22.5,23.0,22.0,5,SW breeze @5 kn. Small whitecaps and 1-foot waves. GOOD viewing conditions.
LTP,1991-08-17 12:15,26.0,27.0,25.0,6,"Smooth swells from boat wakes. Bright, warm sun. Moderate-to-heavy in-basin smog. ~10% cumulus clouds. GOOD-to-EXCELLENT viewing conditions (except for boat wakes)."
LTP,1991-08-27 11:59,17.75,18.5,17.0,4,Surface rippled from 10-15 kn winds. Bright sun. FAIR-to-GOOD viewing conditions.
LTP,1991-09-10 12:10,19.75,20.5,19.0,4,Smooth 1 ft waves from NE. Sky overcast 90% with low cumulus over sun. Only FAIR-to-GOOD viewing conditions.
LTP,1991-09-20 11:48,23.75,24.0,23.5,7,Flat and calm. Bright and warm sun. No clouds but moderate-to-heavy basin smog. EXCELLENT viewing conditions.
LTP,1991-09-30 11:55,22.0,23.0,21.0,7,"Flat, calm. Warm sun. No clouds in the way. Light breezes. EXCELLENT viewing conditions."
LTP,1991-10-10 11:43,22.1,23.0,21.2,5,Large swells from SE ~1.5 ft. Light breeze @~1-3 kn. Sky overcast over sun with thin stratus. Warm but smoggy. Conditions a bit calmer at the time of Secchi measurement. GOOD viewing conditions.
LTP,1991-10-21 12:00,21.5,22.0,21.0,4,Waves ~0.5 ft with gusty breeze @5-10 kn now from SW. FAIR-to-GOOD viewing conditions.
LTP,1991-11-01 12:01,25.5,26.0,25.0,7,"Flat, calm. EXCELLENT viewing conditions."
LTP,1991-11-12 11:43,23.75,24.5,23.0,6,"Flat, calm. Light surface ripples. Hazy. Warm sun. No wind. GOOD-to-EXCELLENT viewing conditions but low sun angle."
LTP,1991-11-22 11:25,25.75,26.0,25.5,6,Light ripples and swells. Sky overcast with thin stratus over sun. Warm sun. Light breeze. GOOD-to-EXCELLENT viewing conditions.
LTP,1991-12-04 11:42,22.0,22.5,21.5,6,Light ripples. SE breeze. Low sun angle. No clouds but hazy. Cool. GOOD-to-EXCELLENT viewing conditions.
LTP,1991-12-16 11:44,23.5,24.0,23.0,5,"Flat, calm. 85% high, thin cloud cover--some over sun making sun hazy. Cool. Light level changing rapidly. Low sunlight level. Otherwise GOOD viewing conditions."
LTP,1991-12-27 11:27,23.0,23.5,22.5,6,"Flat, calm. Moderate-to-heavy, variable, stratus clouds over sun. Warming a bit. Hazy sun. Sky reflection. GOOD-to-EXCELLENT viewing conditions."
LTP,1992-01-14 11:46,24.5,25.0,24.0,5,Smooth 1.5 ft swells from the east as wind dies down. Bright sun but low on horizon. Light smog. GOOD viewing conditions.
LTP,1992-01-24 11:15,23.25,24.0,22.5,6,"Flat, calm again. Sun a little brighter. GOOD-to-EXCELLENT viewing conditions."
LTP,1992-02-03 11:54,19.75,20.5,19.0,3,Waves ~2 ft with whitecaps. NE wind @5 kn. FAIR viewing conditions.
LTP,1992-02-13 11:14,16.75,17.5,16.0,4,Ripples from NW. Breeze @3-5 kn. Snowing lightly. Sun obscured behind clouds. Sky reflection gives FAIR-to-GOOD viewing conditions.
LTP,1992-02-25 11:30,19.25,20.0,18.5,4,Waves ~1.5 ft from east. Sun bright. FAIR-to-GOOD viewing conditions.
LTP,1992-03-06 11:30,23.0,23.5,22.5,5,GOOD viewing conditions but the sun was obscured. Smooth ripples. Light snow. Ceiling lifting. Visibility now ~10-15 miles. 100% overcast. Sky reflection.
LTP,1992-03-16 11:42,21.75,22.5,21.0,5,Smooth ripples. 100% cloud cover and sky reflection. But GOOD viewing conditions.
LTP,1992-03-27 11:25,26.0,26.5,25.5,7,"Flat, calm. Warm. Sun out. Slight sky reflection. No wind. EXCELLENT viewing conditions. Lake seemed clearer today and Secchi and light readings verify that! There may have been some upwelling this past week (?)"
LTP,1992-04-07 11:07,22.0,22.5,21.5,7,Ripples and light SE breeze. No clouds. Bright sun but smoggy. Warming. EXCELLENT viewing conditions!
LTP,1992-04-20 11:06,24.5,25.0,24.0,7,"Flat, calm. Warm. No wind. Hazy sun with stratus. EXCELLENT viewing conditions."
LTP,1992-04-30 11:27,15.5,16.0,15.0,5,Gusty SW wind 1-10 kn. Waves ~0.5' high. Sun slightly __?__. GOOD viewing conditions except for waves and a bit of sky reflection. Chlorophyll fluorescence curve indicates upwelling event (probably yesterday afternoon during strong SW winds).
LTP,1992-05-11 11:51,20.5,21.0,20.0,4,Whitecaps. Gusty SW winds. Waves ~1 ft. Boat drifting despite backing down with engine. Sun bright and clear. FAIR-to-GOOD viewing conditions.
LTP,1992-05-20 11:22,22.0,22.5,21.5,5,Waves ~0.75 ft from East with a cool 2 kn breeze. Sky hazy and bright. Some sky reflection now from clouds moving in. But GOOD viewing conditions.
LTP,1992-06-01 11:42,27.0,27.5,26.5,7,"Flat, calm. Bright, warm sun. EXCELLENT viewing conditions. Clarity has increased a lot since last LTP."
LTP,1992-06-16 13:19,20.0,20.5,19.5,4,Sun in and out of clouds. Wind E @2 kn. ~0.5 ft waves. FAIR-to-GOOD viewing conditions.
LTP,1992-06-26 11:30,26.75,27.5,26.0,0,"Flat, smooth. No wind. Bright, warm sun. But noticeable haze everywhere."
LTP,1992-07-06 11:58,18.75,19.5,18.0,4,"Due to wind and overcast, only FAIR-to-GOOD viewing conditions."
LTP,1992-07-15 12:38,27.0,27.5,26.5,7,"Smooth ripples. Bright, warm sun. Cumulus forming but not over sun yet. Light breeze. EXCELLENT viewing conditions."
LTP,1992-07-27 11:42,27.0,27.5,26.5,7,"Smooth ripples. Bright, warm sun. Smog increasing in basin from a forest fire to the north of the basin near Verdi. EXCELLENT viewing conditions."
LTP,1992-08-06 11:53,19.5,20.0,19.0,4,"Waves, gusty wind, and ripples making for only FAIR-to-GOOD conditions. There was a large fire near Yosemite at Moccasin this week which may affect the lake?"
LTP,1992-08-17 11:55,22.0,23.0,21.0,6,"Smooth swells from boat wakes. Warm, bright sun but basin hazy. ~10% cumulus now around basin rim. GOOD-to-EXCELLENT viewing conditions."
LTP,1992-08-27 11:40,27.0,27.5,26.5,7,"Flat, calm. Bright sun. Smoggy, but EXCELLENT viewing conditions."
LTP,1992-09-08 12:35,28.75,29.0,28.5,0,"Calm, smooth. Lots of smoke in basin from Markleyville fire. South Lake Tahoe obscured; east-shore mountains barely visible."
LTP,1992-09-18 12:02,30.5,31.0,30.0,7,"Smooth, calm. Perfect viewing. Clear water."
LTP,1992-10-05 11:45,30.5,31.0,30.0,7,"Flat, calm. Sun slightly obscured by smoky haze. EXCELLENT viewing conditions. A 25,000 acre fire was just brought under control after about 5 days of burning in the Eldorado National Forest SW of the Tahoe basin."
LTP,1992-10-15 11:10,28.5,29.0,28.0,7,"Flat, calm. Bright, warm sun but lowering sun angle. Smoggy in basin. No wind. EXCELLENT viewing conditions."
LTP,1992-10-27 11:58,26.25,27.0,25.5,6,"Flat, calm. Sun obscured partially by stratus and cumulus clouds and showers moving in. Cloud cover is now ~80%. GOOD-to-EXCELLENT viewing conditions. Controlled burns were visible down near Sugar Pine Point and Rubicon probably in the state parks."
LTP,1992-11-05 10:54,25.25,25.5,25.0,5,"Ripples and light breeze from ESE. Sun covered by thin, high stratus. Cool. GOOD viewing conditions despite diffuse light and some sky reflection."
LTP,1992-11-16 12:25,21.0,21.5,20.5,5,"Ripples from the east and 1-2 kn breeze. Sky 90% overcast with high stratus. Sun hazy and becoming obscure. GOOD viewing conditions, but sun angle is low and the sun is partially obscured."
LTP,1992-11-30 11:28,26.0,26.5,25.5,7,"Flat, calm. Sun warm and slightly obscured by 80% high stratus and haze. No wind. EXCELLENT viewing conditions. Low sun angle."
LTP,1992-12-12 11:55,19.45,20.5,18.4,3,Waves 1.5 ft from NW. Sky overcast. Much sky reflection. Sun hidden. FAIR viewing conditions.
LTP,1992-12-22 11:12,28.5,29.0,28.0,7,"Flat, calm. No clouds. Bright, warm sun. No wind. Light haze. Low sun angle. EXCELLENT viewing conditions."
LTP,1993-01-03 13:09,28.5,29.0,28.0,7,"Smooth swells. Sky hazy, but sun bright. Cold. Light, variable breeze. Low sun angle but EXCELLENT viewing conditions. Zooplankton sample has a green-yellow tinge (Dinobryon sp.)."
LTP,1993-01-15 11:43,28.5,29.0,28.0,5,Smooth ripples. Snowing heavily. No sun visible. But GOOD viewing conditions. Zooplankton sample almost colorless compared to yellow-green sample taken at MLTP station on 12-I-93. Upwelling here due to recent storms??
LTP,1993-01-25 11:58,32.0,33.0,31.0,7,"Flat, calm. Bright sun. Warm. Light haze to SW. EXCELLENT viewing conditions. There was snow, rain and strong SW winds for over a week before this LTP. Zooplankton sample has a greenish tinge."
LTP,1993-02-05 11:19,21.0,21.5,20.5,3,Waves ~0.5 ft. Wind SW @5 kn. Gusts to 10 kn. Mostly cloudy with snow flurries up higher. Sun in and out. FAIR viewing conditions. Zooplankton sample has a greenish tinge due to a bloom of Dinobryon sp.
LTP,1993-02-17 11:35,23.0,24.0,22.0,3,SW wind @5-10 kn. Waves 1 ft. Snowing moderately. FAIR viewing conditions. Zooplankton sample has a greenish tinge.
LTP,1993-03-01 14:20,40.0,41.0,39.0,7,"Flat, calm. EXCELLENT viewing conditions! Zooplankton sample has few phytoplankton in it."
LTP,1993-03-10 12:05,22.5,23.0,22.0,5,Ripples and waves ~0.5 ft from SW wind @2-5 kn. Bright sun. GOOD viewing conditions. Zooplankton sample green with Dinobryon.
LTP,1993-03-22 11:29,20.0,20.5,19.5,7,"Flat, calm. Smooth ripples. Bright sun. Moderate in-basin smog. No wind or light breezes. A bloom is occurring: seen as ""dust"" in the water and reflection of light above the Secchi disk. Lots of algae in zooplankton sample (green) clogging net!"
LTP,1993-04-02 11:58,14.5,15.0,14.0,5,"Light SE breeze. Ripples. Sun warm but slightly hazy from high, thin stratus. GOOD viewing conditions. Zooplankton sample is thick with algae. Water is a distinctly darker blue-emerald green color. Fluorescence indicates that most algae are in top 20 m."
LTP,1993-04-14 11:44,15.75,16.0,15.5,7,"Flat, calm. No clouds. Bright, warm sun. EXCELLENT viewing conditions. Water is blue-green in color. Lots of Dinobryon in zooplankton sample."
LTP,1993-04-26 11:44,20.0,20.5,19.5,5,Rippled with SW breeze @2-3 mph. GOOD viewing conditions.
LTP,1993-05-06 11:30,16.25,17.0,15.5,3,"Waves ~0.75 ft. SW wind @~5 kn. Gusts @15 kn. Sky 95% cloud-covered @10,000 ft. Sun obscured. Raining. Lots of sky reflection. Showers. FAIR viewing conditions. Fewer algae in zooplankton sample than before."
LTP,1993-05-14 11:23,20.5,21.0,20.0,7,Smooth ripples. Bright sun. EXCELLENT viewing conditions.
LTP,1993-05-24 11:32,18.0,18.5,17.5,7,"Flat, calm. Light sky reflection. Bright sun. EXCELLENT viewing conditions. Water is a blue-green color. Floating debris (bark, needles, etc.) on surface from stream runoff into lake."
LTP,1993-06-02 11:55,10.0,10.5,9.5,6,"Ripples from gusty winds. Moved as close to shore as possible to get a ""deep"" reading, if possible. GOOD-to-EXCELLENT viewing conditions. Water at Index Station is green...an algal bloom (due to all the runoff) is in progress."
LTP,1993-06-16 11:15,16.75,17.5,16.0,7,"Smooth ripples from NE. No wind. No clouds over sun. Bright and warm. EXCELLENT viewing conditions. Water is still an emerald-green or ""teal"" color but a bit clearer than last time."
LTP,1993-06-25 11:00,15.75,16.5,15.0,7,"Flat, calm. Warm, bright sun. Clear sky. EXCELLENT viewing conditions."
LTP,1993-07-07 12:18,15.75,16.5,15.0,5,"Rippled. Wind SW, gusty @2-10 kn. Bright sun. GOOD viewing conditions."
LTP,1993-07-18 12:13,21.5,22.0,21.0,7,"Smooth ripples. No wind. Bright, warm sun. Moderate in-basin smog. No clouds anywhere. EXCELLENT viewing conditions."
LTP,1993-07-31 11:33,22.0,22.5,21.5,7,Smooth swells due to boat wakes. Clear sky. Warm sun. No wind. Smoggy. EXCELLENT viewing conditions.
LTP,1993-08-09 11:55,27.5,28.0,27.0,0,Choppy. SW winds to 20 mph. Very gusty. Tried to keep line perpendicular by backing down.
LTP,1993-08-19 12:30,17.5,18.0,17.0,0,Winds SW @10 kn. Chop. Not good viewing.
LTP,1993-09-06 12:03,22.5,23.0,22.0,5,Boat wakes. Waves ~0.5 m. Light E breeze. Sky clear over sun. Bright and warm. GOOD viewing conditions.
LTP,1993-09-16 11:10,21.0,22.0,20.0,5,"Ripples. Sky clear of clouds for awhile. Breeze SW @2-10 mph, gusty. GOOD viewing conditions."
LTP,1993-09-27 11:45,30.0,30.5,29.5,7,"Flat, calm. Bright sun. Warm. Light, high, thin stratus. No wind. Light smog. EXCELLENT viewing conditions. Water clarity has increased significantly!"
LTP,1993-10-07 11:38,24.25,25.0,23.5,5,NW breeze @3-5 kn. Ripples. Bright sun. GOOD viewing conditions.
LTP,1993-10-18 11:37,24.5,25.0,24.0,5,"NE wind @1-2 kn. Waves ~1 ft. Sky clear. Sun bright. GOOD viewing conditions. There's a large (visible to the naked eye) colonial alga (Uroglenopsis) showing up...not a lot, but a few per 10 ml in the sub-surface samples (e.g. 5, 10 m)."
LTP,1993-10-28 11:50,26.0,26.5,25.5,7,"Flat, calm. Warm, hazy sun. 100% high, thin stratus. Moderate in-basin smog. A lot of ""dust"" (Uroglenopsis?) between illuminated Secchi disk and the boat. EXCELLENT viewing conditions."
LTP,1993-11-08 12:22,21.0,21.5,20.5,5,"Ripples and light, easterly breeze. GOOD viewing conditions. Uroglenopsis still very abundant (blooming profusely) above Secchi. Heavy smoke in basin from controlled burns."
LTP,1993-11-18 11:05,20.0,20.5,19.5,6,Smooth ripples from SE. Sky clear. Sun bright and warm. Light breeze. GOOD-to-EXCELLENT viewing conditions. Uroglenopsis is still very prevalent in upper water layers down to about 20 m. Smoke in the basin from State Park controlled burns.
LTP,1993-11-30 12:05,19.5,20.0,19.0,4,Waves from north ~1.5 ft. Wind @2-3 kn. Sky clear. Bright sun. Cool. FAIR-to-GOOD viewing conditions. Uroglenopsis still prevails! It is now found much deeper in the water column. Visual inspection shows colonies as far down as at least 105 m!
LTP,1993-12-14 12:40,17.5,18.0,17.0,3,Snowing heavily. No sun. FAIR viewing conditions.
LTP,1993-12-24 11:15,21.0,21.5,20.5,7,"Flat, calm. Bright sun. No clouds or wind. Moderate in-basin smog. Cool. EXCELLENT viewing conditions. Uroglenopsis is still predominant in surface waters and color is greenish-blue!"
LTP,1994-01-05 12:20,21.75,22.5,21.0,5,"Westerly, cool breeze. Gusty @2-10 kn. 20% cumulus. Bright sun. Ripples. GOOD viewing conditions. Uroglenopsis is still dominant and zooplankton almost non-existent (are they starving due to presence of non-edible, large Uroglenopsis colonies??)."
LTP,1994-01-14 11:20,21.0,21.5,20.5,7,"Flat, calm. EXCELLENT viewing conditions. Uroglenopsis still very abundant! It's so numerous in some fluorescence samples that only a range could be measured. One 10 m sample had ~100 colonies in the test tube. The other didn't have as many. Extreme patchiness!"
LTP,1994-01-25 12:05,18.25,19.0,17.5,4,"Ripples and small waves ~0.75 ft. Wind SW and gusty @2-10 kn (mostly lower speeds). Sun in and out of clouds intermittently. Cold. Snow flurries. FAIR-to-GOOD viewing conditions. Uroglenopsis is still predominant, especially in surface waters."
LTP,1994-02-03 11:20,22.5,23.0,22.0,5,"Ripples from the SE with ~2 kn breeze. High stratus overcast 95%. Sun shining weakly through clouds with ceiling ~12,000 ft+. GOOD viewing conditions. Uroglenopsis still prevalent and looks like ""dust"" in the water when viewed in reflective light above Secchi disk."
LTP,1994-02-14 11:42,25.5,26.0,25.0,7,"Flat, calm. Bright, warm sun. No wind. Some thin high haze. EXCELLENT viewing conditions. Uroglenopsis is still quite visible! The colonies were observed to rise to the top of a bottle over a several hour period."
LTP,1994-03-02 12:05,26.5,27.0,26.0,7,"Flat, calm. Bright sun. EXCELLENT viewing conditions. No wind. Uroglenopsis still very abundant."
LTP,1994-03-14 11:28,22.0,22.5,21.5,7,"Flat, calm. Bright sun. Light haze. ~15% high, scattered cirrostratus. Low in-basin moderate smog. EXCELLENT viewing conditions. Uroglenopsis is again very abundant!"
LTP,1994-03-26 12:13,21.5,22.0,21.0,5,"Smooth easterly swells. No clouds. Bright sun. GOOD viewing conditions. Uroglenopsis carries on, and on, and ... but there does seem to be fewer in fluorescence samples."
LTP,1994-04-05 11:06,21.25,21.5,21.0,7,"Flat, calm. EXCELLENT viewing conditions. Uroglenopsis is again quite abundant!"
LTP,1994-04-15 10:49,23.0,23.5,22.5,6,"Smooth NE swells ~1 ft. Bright, warm sun. No clouds. Warm. GOOD-to-EXCELLENT viewing conditions. Uroglenopsis is finally on the decline!"
LTP,1994-05-05 11:31,24.0,25.0,23.0,7,"Flat, calm. Warm, sunny. No wind. 40% cumulus clouds. Nice. EXCELLENT viewing conditions."
LTP,1994-05-16 12:02,16.5,17.5,15.5,4,Waves ~1 ft. Cold. Windy. 100% cloud cover. Snow is threatening. FAIR-to-GOOD viewing conditions.
LTP,1994-05-26 11:35,24.0,24.5,23.5,6,Smooth swells. Sun shining through the high stratus which is changing quickly. Warm. No wind. GOOD-to-EXCELLENT viewing conditions despite increasing cloud cover and sky reflection.
LTP,1994-06-13 11:23,19.0,19.5,18.5,4,"Waves ~0.5 to 1 ft. Wind SW @2-15 kn and gusty. Sun was behind high, moderate stratus, changing slightly but now brighter. Gusty winds made readings difficult. FAIR-to-GOOD viewing conditions."
LTP,1994-06-23 11:44,21.0,22.0,20.0,5,Ripples with SW wind @2-5 kn. Gusts to 15 kn. Bright sun. Warm. No clouds. GOOD viewing conditions.
LTP,1994-07-06 12:22,24.0,25.0,23.0,7,Smooth 1 ft swells from NE but now calmer. No clouds. Warm sun. Light in-basin smog. No wind.
LTP,1994-07-18 11:35,24.75,25.5,24.0,7,"Flat, calm. No wind. Very warm. No clouds. Moderate in-basin smog. EXCELLENT viewing conditions."
LTP,1994-07-28 11:20,24.0,24.5,23.5,7,Smooth surface. No clouds over sun. Warm. Bright sun. ~15% high alto cirrus clouds off to NW. EXCELLENT viewing conditions.
LTP,1994-08-09 11:37,19.75,20.5,19.0,4,"SW wind @10-15 kn. Waves to 1 ft. Bright, warm sun. No clouds over sun. FAIR-to-GOOD viewing conditions."
LTP,1994-08-18 11:00,24.0,25.0,23.0,5,"NE breeze @1-2 kn. Warm, hazy sun due to smoke in the basin. Waves ~0.75 ft. No high clouds. GOOD viewing conditions."
LTP,1994-08-31 11:37,26.5,27.0,26.0,6,Smooth swells. 50% high cloud cover over sun. GOOD-to-EXCELLENT viewing conditions.
LTP,1994-09-12 11:41,28.5,29.0,28.0,7,"Flat, calm. Sun now out from behind cloud and bright light in-basin smog. EXCELLENT viewing conditions. Strong SW winds @10-40 kn the previous 3-4 days."
LTP,1994-09-22 12:26,25.5,26.0,25.0,7,"Light NE breeze. Ripples earlier (calmer now). Bright, warm sun. No clouds. Moderate in-basin smog. EXCELLENT viewing conditions. Strong NE winds @5-15 kn the previous day."
LTP,1994-10-05 10:40,25.5,26.0,25.0,7,"Flat, calm surface. EXCELLENT viewing conditions. Strong NE winds during the previous 3-4 days."
LTP,1994-10-17 11:43,21.5,22.0,21.0,6,"Smooth ripples. Bright, warm sun. Some high, thin stratus around sun. Light variable breezes earlier...now calmer. GOOD-to-EXCELLENT viewing conditions. Smog in basin due to controlled burns in D.L. Bliss and Sugar Pine Point State Parks."
LTP,1994-10-31 12:05,23.25,24.0,22.5,6,NE breeze @1-2 kn with ripple. Bright sun. Cool. GOOD-to-EXCELLENT viewing conditions.
LTP,1994-11-10 12:44,20.0,20.5,19.5,5,"Waves ~1 ft with wind @3 kn, both from NNW. Sky 95% overcast with snow showers around basin. GOOD viewing conditions. Strong SW wind yesterday @30-40 kn with gusts to 50-60 kn."
LTP,1994-11-23 11:50,19.5,20.0,19.0,6,Smooth ripples. Some light clouds passing in front of sun occasionally. Cool. Light breezes. Moderate in-basin smog. Sun is past its peak. GOOD-to-EXCELLENT viewing conditions.
LTP,1994-12-05 12:58,16.5,17.0,16.0,4,Rippled. 5 kn SW wind. 100% overcast. Snowing intermittently. FAIR-to-GOOD viewing conditions. SW winds strong at times the previous 3-4 days.
LTP,1994-12-17 11:59,22.0,22.5,21.5,7,Glassy calm. EXCELLENT conditions for viewing (except for fog).
LTP,1994-12-30 11:24,24.25,24.5,24.0,7,"Flat, calm. No wind. Bright sun despite low sun angle. EXCELLENT viewing conditions. Strong NE winds 10-20 kn yesterday."
LTP,1995-01-16 12:07,21.0,21.5,20.5,5,"Snowing lightly. No sun visible. SW breeze @1-2 kn. Ripples. GOOD viewing conditions (except for sky reflection). First break in series of incessant storms lasting ~ 2 wk that brought rain and snow, and strong winds (15-40 kn) at times, to lake level."
LTP,1995-01-25 11:28,21.25,21.5,21.0,5,Smooth surface. 100% cloud cover and sky reflection. Weak sun. GOOD viewing conditions.
LTP,1995-02-03 11:38,23.0,23.5,22.5,6,Glassy calm. Fog beginning to lift with sun now brighter through the fog. No wind. Cool. Sun beginning to shine. GOOD-to-EXCELLENT viewing conditions.
LTP,1995-02-14 11:53,26.5,27.0,26.0,7,"Clear sky. Warm sun. No clouds. Flat, calm. Some ""dust"" in the water (Uroglenopsis ?). EXCELLENT viewing conditions."
LTP,1995-02-28 10:48,21.0,21.5,20.5,5,Smooth ripples. Partial sun. Cool NE breeze and sky reflections but GOOD viewing conditions.
LTP,1995-03-11 12:43,25.75,26.5,25.0,5,Ripples ~0.5 ft from SW. Partially covered sun. SW wind @3 kn. Some sky reflection. GOOD viewing conditions.
LTP,1995-03-30 11:36,25.25,26.0,24.5,7,"Flat, calm. Bright, warm sun. No wind. EXCELLENT viewing conditions. Water has a slight greenish-blue cast to it."
LTP,1995-04-05 11:29,21.5,22.0,21.0,6,"Smooth ripples from NE. Warm sun. Light NE breeze. High, thin stratus over sun. Calm. GOOD-to-EXCELLENT viewing conditions."
LTP,1995-04-22 00:00,18.25,18.5,18.0,7,"Flat, calm. Warm, bright sun. No clouds. Light in-basin smog. EXCELLENT viewing conditions! Water has definite greenish-blue color."
LTP,1995-05-03 11:32,25.0,25.5,24.5,7,"Flat, calm. Bright sun but some thin, high stratus. No wind. ~10% low cumulus. Moderate in-basin smog. EXCELLENT viewing conditions."
LTP,1995-05-16 11:13,17.5,18.0,17.0,7,"Bright, warm sun. No clouds in front of sun. No wind. ~10% low cumulus ringing the basin. Light in-basin smog. EXCELLENT viewing conditions. Water definitely has a bluish-green cast. Has a ""bloom"" started? First nice day after 3 wks foul weather."
LTP,1995-05-26 11:01,16.5,17.0,16.0,6,Smooth ripples. No wind. Cumulus clouds passing over sun making readings difficult [:(]. ~40% cloud cover now moving in from NE. GOOD-to-EXCELLENT viewing conditions when the sun is out. Lake transparency is definitely dropping.
LTP,1995-06-07 11:44,14.25,15.0,13.5,4,"Waves ~1-1.5 ft from the east. Cool, 2-5 kn breeze. Clouds passing over sun making readings difficult. Cloud cover and sky reflection. FAIR-to-GOOD viewing conditions."
LTP,1995-06-19 11:55,16.75,17.5,16.0,4,Wind SW @10-15 kn. Gusts to 20 kn. Small whitecaps. Sky clear.
LTP,1995-06-29 10:55,11.25,11.5,11.0,7,"Smooth swells. Bright sun. No wind. EXCELLENT viewing conditions. ""Particles"" visible over Secchi disc. Very warm weather past week brought west shore streams to their peaks causing higher turbidity and giving a distinct green color to the lake."
LTP,1995-07-10 12:07,15.0,15.5,14.5,4,Waves ~1 ft. SW wind @5-10 kn. FAIR-to-GOOD viewing conditions. Sunny and cool.
LTP,1995-07-20 10:55,18.5,19.0,18.0,7,"Smooth ripples. Light breezes. Moderate-to-heavy, in-basin smog. Warm, bright sun. No clouds nearby. EXCELLENT viewing conditions."
LTP,1995-07-31 11:41,19.5,20.0,19.0,7,"Smooth ripples. Bright, warm sun. No wind. EXCELLENT viewing conditions."
LTP,1995-08-09 11:14,20.0,20.5,19.5,7,"EXCELLENT viewing conditions. Some ""particles"" seen above white disk--zooplankton? Strong SW winds @15-25 kn 2 days ago."
LTP,1995-08-22 11:14,17.0,17.5,16.5,5,"Smooth ripples. 80% high cloud cover over the sun. No wind. GOOD viewing conditions. Lots of ""particles"" (zooplankton?) visible over Secchi disk reflection."
LTP,1995-09-01 11:38,18.5,19.0,18.0,6,"Smooth swells. Warm, bright sun. No clouds or wind. Light-to-moderate smog. GOOD-to-EXCELLENT viewing conditions. Lots of ""particles"" noticeable in shallow water reflective light above the white Secchi disk. They are thought to be a rotifer ""bloom""."
LTP,1995-09-11 10:39,20.75,21.0,20.5,7,"Flat, calm. No wind. Warm, bright sun. Moderate-to-heavy smog. No clouds. EXCELLENT viewing conditions. Still lots of ""particles"" (rotifers?) visible above Secchi disk."
LTP,1995-09-23 10:42,21.5,22.0,21.0,4,Waves ~0.75 ft. Gusty SW winds @2-10 kn. Cool. No clouds. Bright sun. FAIR-to-GOOD viewing conditions.
LTP,1995-10-23 12:00,27.0,28.0,26.0,6,"Smooth ripples. Bright, warm sun. ~10% distant and high cirrus. Light, variable breezes. Light-to-moderate in-basin smog. GOOD-to-EXCELLENT viewing conditions. Very strong, steady NE winds @15-25 kn previous day. Lake is clearing up a bit."
LTP,1995-11-01 11:25,27.25,28.0,26.5,7,"Ripples and 0.5 ft waves due to ESE winds @1-2 kn. Fairly heavy in-basin smog visible now that fog has burned off. Bright, warm sun. No clouds. EXCELLENT viewing conditions."
LTP,1995-11-13 11:23,29.25,29.5,29.0,7,"Flat, calm. Bright sun. No wind. Warm. EXCELLENT viewing conditions."
LTP,1995-11-22 10:53,29.75,30.0,29.5,7,"Flat, calm. Cool sun. Slightly overcast with high stratus. Light breezes-variable directions. EXCELLENT viewing conditions."
LTP,1995-12-05 11:25,22.0,23.0,21.0,4,"Waves ~0.5 ft. SW wind gusty @5-20 kn. Small, intermittent whitecaps. Weak sunlight coming through 99% cloud cover. Raining. FAIR-to-GOOD viewing conditions."
LTP,1995-12-18 11:55,21.0,21.5,20.5,4,Waves 0.5 ft from NW wind @3 kn. 98% cloud cover. FAIR-to-GOOD viewing conditions. Sun weak.
LTP,1995-12-26 11:46,25.5,26.0,25.0,7,"Flat, calm. Bright sun. No clouds. EXCELLENT viewing conditions."
LTP,1996-01-05 11:02,21.5,22.0,21.0,4,FAIR-to-GOOD viewing conditions. Sky reflection from clouds. Ripples. SE wind @3 kn.
LTP,1996-01-17 11:14,27.5,28.0,27.0,7,Smooth swells. Bright sun. Cool. Light breezes-variable direction. No clouds over sun. Light in-basin smog. Calm. EXCELLENT viewing conditions. Preceded by fast moving storm yesterday that brought very strong SW winds from 30 kn (gusts to 50 kn).
LTP,1996-01-29 12:17,29.75,30.5,29.0,4,Sun moving in and out of clouds as ceiling lowers and snow showers start. Cold. NE wind @~3 kn. Ripples. Sky reflection and partial sun gives FAIR-to-GOOD viewing conditions. Lake is clearing up.
LTP,1996-02-09 11:27,27.5,28.0,27.0,7,"Smooth and calm. No wind. Moderate sun through high, thin stratus clouds. Cool."
LTP,1996-02-22 12:54,34.0,34.5,33.5,5,"Ripples and SW breeze @2-3 kn. Bright sun at the moment. GOOD viewing conditions. Preceded by almost 6 days of continuous wind, rain, and snow. Best Secchi reading this year. A week of moderate-to-strong SW winds may have led to westshore upwelling."
LTP,1996-03-06 12:33,33.5,34.0,33.0,7,"Smooth and calm. No wind. Bright sun. No clouds. EXCELLENT viewing conditions. Very strong, gusting winds 2 days ago."
LTP,1996-03-18 11:38,28.5,29.0,28.0,7,Ripples and light breeze from SE. High stratus moving in to cover sun. Still it's warm and bright. Light in-basin smog. EXCELLENT viewing conditions.
LTP,1996-03-27 11:19,19.5,20.5,18.5,4,Ripples. SW breeze @2-3 kn. 100% overcast. Rain and graupel (snow). Sky reflection. FAIR-to-GOOD viewing conditions. Preceded by 2 days of strong NE wind.
LTP,1996-04-05 11:12,26.5,27.0,26.0,6,"Smooth swells from E. Bright, warm sun. No clouds, but some high, thin haze and light in-basin smog. GOOD-to-EXCELLENT viewing conditions. Snow showers and strong winds 4 days ago."
LTP,1996-04-15 11:52,22.0,23.0,21.0,4,Windy SSW @10-15 kn with higher gusts. Cool. Partly cloudy ~50% cumulus. Waves
LTP,1996-04-25 11:35,41.0,41.5,40.5,7,"Very strong WSW winds @30-50 mph yesterday (and stronger gusts) for ~12-16 h. Upwelling event along W. shore brought up very clear water. Secchi reading taken twice and confirmed by Judy Hildinger. Few zooplankton, deep light penetration, low fluorescence. EXCELLENT viewing conditions."
LTP,1996-05-06 11:47,18.0,18.5,17.5,5,SW wind @3-5 kn with gusts to 10 kn. Bright sun. ~40% high cumulus clouds. Warm. Waves and ripples ~0.5-1 ft. GOOD viewing conditions. Clarity has reduced markedly since the last LTP. Water is cloudy and greener.
LTP,1996-05-20 11:55,20.0,19.5,20.5,7,Smooth. Light easterly breeze. Warm. Sun bright but behind high haze and moisture. Calm. EXCELLENT viewing conditions. Preceded by 5 days continuous rain with strong SW winds at times.
LTP,1996-05-30 10:19,20.0,20.5,19.5,6,"Smooth ripples from SE with 2 kn breeze. Hazy sun behind moderate in-basin smog. Warm. Some high, thin stratus (~15%). GOOD-to-EXCELLENT viewing conditions. A few large algal colonies (Uroglenopsis ?) seen in fluorescence tube."
LTP,1996-06-10 11:37,21.5,22.0,21.0,6,"SW breeze @5 kn, increasing quickly. Warm and sunny. GOOD-to-EXCELLENT viewing conditions."
LTP,1996-06-20 12:33,19.5,20.0,19.0,0,Looks like a few Uroglenopsis may be present?
LTP,1996-07-08 11:45,20.75,21.0,20.5,7,"Flat, calm. Warm and muggy. No wind. 35% low cumulus clouds. Excellent viewing conditions. Lots of debris and pine pollen on the lake surface."
LTP,1996-07-18 11:05,19.0,19.5,18.5,5,Waves ~0.5 ft. Bright sun. No clouds. Winds SW and gusty from 2-15 kn. Warming. GOOD viewing despite gusty winds. Strong SW winds yesterday for about 2/3 of the day.
LTP,1996-07-30 11:19,25.5,26.0,25.0,7,"Smooth swells. No wind, calm. Small cumulus clouds building. EXCELLENT viewing conditions. Some forest fire smoke in the basin the past week."
LTP,1996-08-12 11:28,19.5,20.0,19.0,5,Swells and ripples from SW or NE as thunderstorms are building overhead. GOOD viewing conditions.
LTP,1996-08-22 10:59,21.5,22.0,21.0,7,"Flat, calm. Warm, bright sun through smoky haze. EXCELLENT viewing conditions. Smoky from Yosemite and Clear Lake fires (>500,000 acres burned)."
LTP,1996-09-04 11:43,18.5,19.0,18.0,4,Waves ~1.5 ft. SW wind gusty @10-25 kn. FAIR-to-GOOD viewing conditions. No clouds. Bright sun. A little smoke left in the basin from California fires.
LTP,1996-09-16 11:41,22.25,22.5,22.0,7,Ripples. Bright sun. ~15% __?__. Cool. Easterly swells. Light in-basin smog after yesterday's rain. Light breezes. Some particles visible in water over reflected light above Secchi. EXCELLENT viewing conditions.
LTP,1996-09-26 10:46,23.5,24.0,23.0,6,"Light ripples from SE and 1-2 kn breeze. Hazy sun with thin, high stratus cover (~75%). Smoky from Sugar Pine Pt. State Park controlled burn. GOOD-to-EXCELLENT viewing conditions."
LTP,1996-10-03 10:59,24.25,24.5,24.0,7,"Smooth ripples. No wind. Bright sun with no clouds. But smoke from controlled burns at Sugar Pine Pt. State Park spreading over the lake and Index station. Lots of ""particulates"" in the water. EXCELLENT viewing conditions."
LTP,1996-10-14 10:54,23.0,23.5,22.5,6,Swells at ~1 ft from east with light breeze and ripples. Bright warming sun. No clouds. But smoky haze in-basin from controlled burns at Sugar Pine Pt. State Park. Lots of particulate matter in Secchi reflection. GOOD-to-EXCELLENT viewing conditions.
LTP,1996-10-28 11:44,17.5,18.0,17.0,4,"Ripples. Sky grey with 100% high, thickening overcast. FAIR-to-GOOD viewing conditions."
LTP,1996-11-07 10:20,21.0,21.5,20.5,6,"Flat, calm. Bright, warming sun. No wind. Smoke and haze in the basin from the controlled burns on USFS and state park lands. GOOD-to-EXCELLENT viewing conditions."
LTP,1996-11-20 10:40,22.5,23.0,22.0,5,Ripples and smooth swells from SE. Bright sun but low angle. No clouds over sun. Cool. GOOD viewing conditions.
LTP,1996-12-03 12:01,20.5,21.0,20.0,5,"Breeze at 2-5 kn, variable directions. Ripples. Cloud cover increasing to 95% stratus and sun not visible. GOOD viewing conditions."
LTP,1996-12-16 12:13,25.25,26.0,24.5,7,"Flat, calm. Preceded by over 10 days of continuous strong winds, rain, and snow bringing well over 10"" precipitation to the basin. Warm sun shining through high, moderate stratus clouds. Light, variable breezes. Nice. EXCELLENT viewing conditions."
LTP,1996-12-26 10:48,15.75,16.5,15.0,3,Waves ~2 ft. Rain and snow blowing almost horizontally. SW wind @15 kn. Gusts to 25 kn. Very weak sun peeking through. Only FAIR viewing conditions.
LTP,1997-01-21 12:17,17.0,17.5,16.5,4,Snowing moderately. No sun visible. Visibility ~0.5 mi. Lots of sky reflection. FAIR-to-GOOD viewing conditions.
LTP,1997-02-04 11:31,21.5,22.0,21.0,5,"100% overcast. A few snow flurries. Sun obscured behind stratus clouds ~1500' above lake. Light, variable breezes and ripples. Lots of sky reflections. GOOD viewing conditions otherwise."
LTP,1997-02-17 12:01,23.5,24.0,23.0,6,"Flat, calm. No wind. Light rain and snow. 100% cloud overcast. GOOD-to-EXCELLENT viewing conditions."
LTP,1997-03-01 10:00,20.5,21.0,20.0,5,"6"" ripples on surface and SW gusts just coming up @10 kn. Lots of ""dust"" and some foam on surface. GOOD viewing conditions."
LTP,1997-03-11 11:56,19.5,20.0,19.0,5,Windy with gusts 5-15 kn and waves to 0.5 ft. Sun slightly obscured by high clouds. GOOD viewing conditions.
LTP,1997-03-20 10:51,20.25,20.5,20.0,7,"EXCELLENT viewing conditions. No wind. 80% high, moderate stratus over sun."
LTP,1997-03-31 12:35,20.0,20.5,19.5,5,Waves ~0.75 ft. SW breeze @5 kn. 80% cumulus with snow flurries but sky clear over sun. GOOD viewing conditions.
LTP,1997-04-10 11:36,18.0,18.5,17.5,7,Smooth swells. Bright sun (clouds not over sun). Light east breeze. EXCELLENT viewing conditions.
LTP,1997-04-21 11:21,18.0,19.0,17.0,5,1 ft. swells. Gusty SSW winds @2-10 kn. Sun in and out behind clouds. Warm. GOOD viewing conditions.
LTP,1997-05-01 11:29,21.0,21.5,20.5,7,"Flat, calm. No wind. Bright sun. Some haze. Warm. EXCELLENT viewing conditions."
LTP,1997-05-12 11:02,18.25,18.5,18.0,7,"Flat, calm. Bright, warm sun. ~10% cumulus clouds off in distance. No wind. EXCELLENT viewing conditions. Water is light greenish-blue."
LTP,1997-05-22 11:00,14.0,14.5,13.5,5,Smooth ripples. Sun obscured by high stratus clouds. SW wind @5 kn. Lots of sky reflection. Surface has some pollen on it. GOOD viewing conditions. First use of black matte finish 60-cm diameter Secchi disk (vs. standard white matte 26-cm Secchi disk).
LTP,1997-06-03 11:24,14.0,14.5,13.5,3,Waves ~0.5 ft. Lots of sky reflection. Raining lightly. 100% cloud cover. SW wind @5-10 kn. FAIR viewing conditions.
LTP,1997-06-16 11:36,20.25,20.5,20.0,7,"Fog dissipating. Bright, warm sun. Light in-basin smog. Calm. 20% low cumulus around basin. No sky reflection overhead. Nice. No wind. EXCELLENT viewing conditions."
LTP,1997-06-30 11:39,13.0,13.5,12.5,3,Waves 0.5 ft. Lots of sky reflection. 100% low cloud cover with rain and hail. FAIR viewing conditions.
LTP,1997-07-11 11:53,18.5,19.0,18.0,5,Waves ~1 ft. SW breezes gusty. GOOD viewing conditions.
LTP,1997-07-21 11:44,20.0,20.5,19.5,7,"Flat, calm. Warm, bright sun. No wind or clouds. Moderate in-basin smog. Cumulus. EXCELLENT viewing conditions."
LTP,1997-08-01 11:13,20.0,20.5,19.5,7,Wind gusts SW @15 kn. Ripples. Bright sun. EXCELLENT viewing conditions.
LTP,1997-08-11 11:05,22.0,22.5,21.5,7,"Smooth boat swells. Bright, warm sun. Light breezes and ripples. No clouds. Moderate in-basin smoke and haze. Water is a light blue-green color. EXCELLENT viewing conditions."
LTP,1997-08-20 11:35,20.0,21.0,19.0,5,SW winds gusting to 15-20(?) kn. Small whitecaps. 2 ft. waves. Sunny. GOOD viewing conditions.
LTP,1997-09-02 11:16,17.0,17.5,16.5,4,"Ripples. NW breeze @2-5 kn. 90% cloud cover. Sky reflection. FAIR-to-GOOD viewing conditions. ""Low light"" during black disk reading."
LTP,1997-09-16 11:22,22.5,23.0,22.0,7,"Flat, calm. Sunny. No wind. EXCELLENT viewing conditions."
LTP,1997-09-25 11:17,24.25,24.5,24.0,7,Overcast with sun hidden by rain clouds. Light breezes. EXCELLENT viewing conditions. Prescribed burning has started its fall cycle at Sugar Pine Pt. State Park.
LTP,1997-10-07 11:08,21.5,22.0,21.0,5,GOOD viewing conditions. Light NE breeze. Sunny. Waves ~1-1.5 ft with ripples. Cool.
LTP,1997-10-16 10:55,25.25,25.5,25.0,7,"Flat, calm, etc. Warm, bright sun. No clouds or wind. Smoky in the basin (moderate-to-light here; heavy on east shore). Some dead zooplankton on the surface. EXCELLENT viewing conditions."
LTP,1997-10-27 11:17,25.5,26.0,25.0,7,"Smooth swells. Smoky skies from prescribed burn at Sugar Pine Pt. No clouds. Warming and clearing. No wind. Sunny. EXCELLENT viewing conditions. ""Particles"" visible in water."
LTP,1997-11-07 11:15,20.0,20.5,19.5,4,Waves ~0.75 ft. Sun in and out behind clouds. SW winds @5-10 kn. Cool. FAIR-to-GOOD viewing conditions. Smoky from prescribed burns.
LTP,1997-11-17 11:14,17.5,18.0,17.0,4,Ripples and SW breeze @5 kn. Much sky reflection with sun behind clouds. FAIR-to-GOOD viewing conditions. Mostly clear in basin except for smoke from prescribed burns.
LTP,1997-11-28 11:36,17.5,18.0,17.0,5,"Small ripples. Light, variable breezes. Bright sun. Warming. Approximately 40% cumulus and high stratus clouds. GOOD viewing conditions."
LTP,1997-12-09 11:46,19.75,20.5,19.0,5,NNE wind @5 kn. Clear sky. Cold. Low sun angle. Waves ~1 ft. Water has a greenish-blue tint to it. GOOD viewing conditions.
LTP,1997-12-20 10:46,19.75,20.0,19.5,7,"Calm. Smooth, small swells. Sun bright. Approximately 30% stratus clouds disappearing. Light NE breeze. Warming. Sun angle quite low. Water a greenish-blue. EXCELLENT viewing conditions."
LTP,1997-12-30 11:29,23.25,23.5,23.0,7,"Flat, calm, no wind. High, moderate stratus passing in front of sun. Warming as time goes by. EXCELLENT viewing conditions. Preceded by a 15-day cold period with NE winds @10-30 kn."
LTP,1998-01-08 12:17,25.0,25.5,24.5,6,"Flat, calm. GOOD-to-EXCELLENT viewing conditions despite lack of sun thus low light levels."
LTP,1998-01-20 11:56,20.5,21.0,20.0,4,Waves 0.75 ft from west. Sun weak. Sky reflections. Wind from W @5 kn. FAIR-to-GOOD viewing conditions.
LTP,1998-02-05 10:44,22.5,23.0,22.0,5,"Snowing moderately. Visibility only ~100 yd. No sun visible. No shadows. No wind, calm surface. White sky reflection but GOOD viewing conditions."
LTP,1998-02-15 12:11,25.5,26.0,25.0,5,Breeze @5kn from NW. Ripples. GOOD viewing conditions despite cloud cover. The lake is clearing up and this is the first time for a long while that the Secchi depth has been >25 m.
LTP,1998-02-27 11:24,32.75,33.5,32.0,7,"Smooth ripples. Bright sun. Warming. Light, variable breezes. EXCELLENT viewing conditions. Lake is clearing rapidly, possibly due to 1) low light levels --> decreased photosynthesis (many storms and lots of cloud cover) and/or 2) deep mixing."
LTP,1998-03-13 11:03,22.0,23.0,21.0,5,Much sky reflection. NW breeze @2 kn. Ripples. GOOD viewing conditions.
LTP,1998-03-23 11:30,22.0,23.0,21.0,4,Waves ~ 1 ft from SW. Wind variable @5-15 kn. Cloud cover ~98%. Much sky reflection. FAIR-to-GOOD viewing conditions.
LTP,1998-04-15 11:34,18.5,19.0,18.0,4,Some sky reflection with ~60% cloud cover. Cold NW wind @10 kn with 1-1.5 ft waves. FAIR-to-GOOD viewing conditions.
LTP,1998-04-27 11:19,20.0,20.5,19.5,5,Light easterly breeze and ripples. Warm and sunny but very hazy. GOOD viewing conditions.
LTP,1998-05-07 11:23,16.0,16.5,15.5,5,Smooth ripples from SE. Light SE breeze. Low cumulus clouds ~1000 ft above lake. 100% cover. Very weak sun. Warming. GOOD viewing conditions except for low light.
LTP,1998-05-19 11:31,18.5,19.0,18.0,0,"South winds @2 kn, gusts to 10 kn. Clear, cloudless sky. Cool breeze. Waves 0.5 ft. Light in-basin smog."
LTP,1998-06-01 11:17,20.5,21.0,20.0,7,"Flat, calm, cloudless, and sunny. EXCELLENT viewing conditions! Nice."
LTP,1998-06-11 11:38,14.5,15.0,14.0,0,"Smooth ripples. Sun obscured under darkening, threatening skies. Light NE breeze. Warm. 95% cloud cover."
LTP,1998-06-22 11:10,15.25,15.5,15.0,7,EXCELLENT viewing conditions. No clouds over sun. Hazy. Warm and calm.
LTP,1998-07-02 12:29,17.5,18.0,17.0,5,Waves and breeze SW @5-10 kn just coming up. No clouds. Warm and sunny. GOOD viewing conditions. Some waves but sunny and clear.
LTP,1998-07-13 11:24,20.25,20.5,20.0,7,Smooth swells and ripples. Light breezes. Warm and sunny with no clouds. Moderate in-basin smog. EXCELLENT viewing conditions. Lots of pine pollen everywhere (~3-4 weeks later than normal).
LTP,1998-07-22 11:11,20.0,20.5,19.5,5,Waves 0.75 ft. SE breeze @2-3 kn. 95% high stratus and cumulus clouds. Warm. Sun not visible through cloud cover. Some sky reflection. GOOD viewing conditions. Not much pollen left on lake surface.
LTP,1998-08-03 11:17,21.25,21.5,21.0,7,"Very warm. Calm. Clear. No wind. Moderate, in-basin smog. No clouds at all. EXCELLENT viewing conditions."
LTP,1998-08-17 11:37,16.5,17.0,16.0,4,Waves ~1-1.5 ft. Sunny. Cool. No clouds. Wire angle ~20-40 degrees due to winds. Wind SW @10-15 kn. Whitecaps. Wave reflections. FAIR-to-GOOD viewing conditions.
LTP,1998-08-28 11:12,21.25,22.0,20.5,7,"Warm. Windless, calm with smooth swells. Some wispy clouds around ~40%. EXCELLENT viewing conditions."
LTP,1998-09-08 11:15,16.0,16.5,15.5,4,"FAIR-to-GOOD viewing conditions due to cloud cover now ~75%. SW wind and ripples. Gusting to 10-15 kn, etc."
LTP,1998-09-21 11:52,19.5,20.0,19.0,7,"Easterly breeze @2-3 kn. Bright, warming sun. Waves and swells were 1.5-2 ft, then down to 1 ft. Now calmer. EXCELLENT viewing conditions. Sun angle beginning to drop."
LTP,1998-10-01 11:59,15.75,16.5,15.0,3,Ripples from SW breeze @10 kn. Intermittent sun through clouds. 60% cloud cover. FAIR viewing conditions.
LTP,1998-10-12 11:01,22.5,23.0,22.0,7,Calm. Warm and sunny. EXCELLENT viewing conditions.
LTP,1998-10-28 10:51,18.5,19.0,18.0,5,Smooth ripples and light SW breeze @~3 kn. 98% cloud cover. Cool. GOOD viewing conditions.
LTP,1998-11-11 11:54,17.0,18.0,16.0,4,"Rough. Sun out but large waves (~2.5-3 ft). FAIR-to-GOOD viewing conditions. Too rough for black Secchi reading! Swell surge would make it a ""taco""."
LTP,1998-11-24 11:45,21.5,22.0,21.0,0,Clouds over sun. Much sky-cloud reflection. Light breezes. Smooth ripples. Previous 3-4 days --> strong SW winds @20-40 mph with gusts to 60-70 at lake level.
LTP,1998-12-04 12:18,19.75,20.0,19.5,7,"Flat, calm. Low sun angle. Sunny and cold. EXCELLENT viewing conditions."
LTP,1998-12-18 11:19,19.25,19.5,19.0,7,"Flat, calm. Weak sun. Very foggy. No wind. Water has a blue-green cast to it. EXCELLENT viewing conditions. Uroglenopsis americana has returned (especially common in the shallower depths, 0-30 m)."
LTP,1999-01-05 12:08,24.0,24.5,23.5,7,"Flat, calm. Warm sun. Moderate in-basin smog and haze. Very thin, high stratus. Cool. EXCELLENT viewing conditions. Lots of ""dust"" (Uroglenopsis?) in water. Water blue-green."
LTP,1999-01-19 12:26,32.5,33.0,32.0,4,Gusty SW wind @5-20 kn. Ripples with whitecaps. No sun. Hailing lightly. Ceiling ~500 ft above lake. FAIR-to-GOOD viewing conditions due to low cloud ceiling and 100% overcast. Water very clear (good conditions could have produced a possible near-record value).
LTP,1999-01-28 11:30,26.75,27.5,26.0,7,"Flat, calm. Sun slightly obscured by high stratus clouds. EXCELLENT viewing conditions. Lots of ""particulate matter"" in upper waters as seen over reflected sun-lit Secchi disk."
LTP,1999-02-05 11:44,21.0,22.0,20.0,4,"Cold, 5-10 kn SW breeze. 1-ft waves. Clouds over sun. Much sky reflection. FAIR-to-GOOD viewing conditions."
LTP,1999-02-15 11:13,29.5,30.0,29.0,7,SE breeze and ripples. Sunny and mostly clear. EXCELLENT viewing conditions.
LTP,1999-03-01 11:52,27.0,28.0,26.0,5,"GOOD viewing conditions. Cool, westerly breeze and ripples @3 kn. Bright sun."
LTP,1999-03-10 11:52,30.75,31.0,30.5,7,Some sky reflection.; otherwise EXCELLENT viewing conditions. Cool. Light breeze from SE. Ripples.
LTP,1999-03-22 11:29,17.5,18.0,17.0,5,GOOD viewing conditions. Sun bright. Surface rippled with 1 kn E breeze.
LTP,1999-03-31 12:05,26.0,26.5,25.5,4,Snowing moderately. Lots of sky reflection with 90% cloud cover and weak sun. 0.5 ft waves. FAIR-to-GOOD viewing conditions. Lake may have remixed again?
LTP,1999-04-13 11:33,31.0,31.5,30.5,7,"Flat, calm. Sunny. EXCELLENT viewing conditions."
LTP,1999-04-28 11:40,14.0,15.0,13.0,3,"Rough. Waves to 2.5-3 ft due to NE winds now @20 kn. Sun out. FAIR viewing conditions. Didn't take ""black"" Secchi depth reading because of rough water."
LTP,1999-05-10 11:53,17.0,17.5,16.5,4,NE breeze @5 kn. Cooling. Thickening clouds over sun. FAIR-to-GOOD viewing conditions.
LTP,1999-05-21 11:39,18.0,18.5,17.5,7,"Flat, calm. Warm sun. No clouds. Some high haze. No wind. EXCELLENT viewing conditions. Water is a cloudy, blue-green."
LTP,1999-06-01 11:43,13.25,14.0,12.5,3,"Gusty SW breeze @10-15 kn. Ripples. Sky reflection due to 60% cumulus cover. Clouds passing quickly in front of sun due to SW winds. FAIR viewing conditions. Lots of pollen in surface waters. Water is a cloudy, greenish-blue color."
LTP,1999-06-11 11:25,20.0,20.5,19.5,7,Smooth swells. Calm. Warm and sunny. No clouds over sun but some stratus moving in from the west. Smoke increasing overhead from E shore controlled burn. EXCELLENT viewing conditions. Secchi reading better than past several LTPs due to good viewing conditions. Some loose clumps of pollen and periphyton.
LTP,1999-06-21 11:17,17.75,18.0,17.5,5,"Water is emerald green and ""cloudy"". Light E breeze @1-3 kn. Ripples. Some cloud cover. GOOD viewing conditions. Some pollen on surface and down in water column. Prescribed burn @ Spooner Summit. Smoke blowing to NE."
LTP,1999-07-01 11:14,21.5,22.0,21.0,7,"Smooth swells ~0.5 ft from boat wakes. Calm. Warm, sunny. No wind. Light smog. EXCELLENT viewing conditions."
LTP,1999-07-13 11:23,21.75,22.0,21.5,7,"Warm. Calm, smooth ripples from boat wakes. Muggy. 80% cover of high, cumulostratus clouds obscuring sun. Heavy in-basin smog; smoky. EXCELLENT viewing conditions. Lots of dead insects on the surface (midges -- Diptera?)."
LTP,1999-07-26 11:06,20.5,21.0,20.0,7,Light breezes and small ripples. No clouds but heavy in-basin smog from fires out of basin. Warm and sunny. EXCELLENT viewing conditions. Many small dead insects on surface.
LTP,1999-08-06 12:12,13.5,14.0,13.0,3,"Smooth ripples as rain has stopped. Light SW breezes. Sun showing intermittently through breaking clouds. FAIR viewing conditions due to cloud cover and sky reflection. Ripples 6""."
LTP,1999-08-18 11:17,20.0,20.5,19.5,6,"Sun momentarily out. Smooth swells. Warm, sunny. GOOD-to-EXCELLENT viewing conditions."
LTP,1999-08-31 12:02,18.5,19.0,18.0,6,"Smooth, 1 ft. swells and ripples from ESE. Bright sun. No clouds. Some haze. GOOD-to-EXCELLENT viewing conditions."
LTP,1999-09-10 11:25,21.0,21.5,20.5,6,Water blue-green. Ripples. Sun intermittent as clouds build into the basin. Very smoky and hazy in basin. GOOD-to-EXCELLENT viewing conditions.
LTP,1999-09-20 11:47,20.75,21.0,20.5,7,"Flat, calm. Warm and sunny but smoggy. No wind. EXCELLENT viewing conditions."
LTP,1999-10-05 11:28,19.0,19.5,18.5,5,"GOOD viewing. Sky clear, sunny. Ripples. Breeze SW @5 kn. Water is blue-green. Still very smoky from many N. California fires."
LTP,1999-10-18 11:40,21.5,22.0,21.0,7,"Nice. Warming and sunny. Smoggy. Flat, calm. EXCELLENT viewing conditions. Smoky with moderate-to--heavy smog from controlled burns and fires in California."
LTP,1999-11-03 11:17,22.5,23.0,22.0,7,"Some thin, high stratus between lake and sun. Warm. Flat, calm. Sunny. Glassy. EXCELLENT viewing conditions. Moderate in-basin smog from a controlled burn at Incline."
LTP,1999-11-11 11:21,21.0,21.5,20.5,5,"Flat, calm. Cool. High. thickening stratus overcast (~85%). Light breezes. Sun shining through moderately. GOOD viewing conditions except for overcast sky. Increasing light-to-moderate in-basin smog. Controlled burn above Carnelian Bay."
LTP,1999-11-19 10:35,15.75,16.5,15.0,3,Rough with whitecaps. No sun. FAIR viewing conditions. Light smog from controlled burns.
LTP,1999-12-10 11:54,16.75,17.5,16.0,4,Waves 2 ft. Cloud-sky reflection and low sun angle gave only FAIR-to-GOOD viewing conditions.
LTP,1999-12-20 13:20,15.5,16.0,15.0,3,Rough. Waves @3 ft. East wind @ 10 kn. Clear and sunny but only FAIR viewing conditions.
LTP,1999-12-31 11:08,19.75,20.0,19.5,7,"Calm with light NW breeze and ripples. Moderately thick, high, changeable stratus over sun. Cool. Moderate in-basin smog. Some white, reflective sky cloud cover. EXCELLENT viewing conditions."
LTP,2000-01-14 11:56,33.0,34.0,32.0,5,"High, thin stratus over sun. Gusty winds and 0.5 ft waves. But GOOD viewing conditions. Strong SW winds during previous 4.5 days resulting in major upwelling event. Lake noticeably clearer even in early morning light."
LTP,2000-01-26 12:08,23.0,23.5,22.5,7,"EXCELLENT viewing conditions. Cool and sunny. Flat, calm. Water is blue-green."
LTP,2000-02-07 11:32,22.5,23.0,22.0,7,"Flat, calm. No wind. Sky reflection from cloud cover. Weak sun, but EXCELLENT viewing conditions."
LTP,2000-02-17 11:48,26.25,26.5,26.0,5,"Cloud cover 90%. Cold, westerly breeze @3 kn. Ripples. GOOD viewing conditions (except for sky reflection). Some upwelling appears to have happened again from very strong winds recently (gusts SW @50-60 kn on lake)."
LTP,2000-03-02 11:26,22.0,22.5,21.5,5,"Ripples with NW breeze @2-3 kn. High, thick clouds (100%). GOOD viewing conditions."
LTP,2000-03-16 12:00,16.75,17.5,16.0,3,Rough. Whitecaps ~1-2 ft. Cloud ceiling now at lake level. Raining. SW gusty wind @30 kn. FAIR viewing conditions.
LTP,2000-03-27 11:48,19.0,19.5,18.5,5,GOOD viewing conditions but 80% high cloud cover. Small waves and ripples. Moderate light.
LTP,2000-04-05 11:50,17.75,18.0,17.5,7,"Calm. Sunny. Little sky reflection. Water cloudy, blue-green. EXCELLENT viewing conditions."
LTP,2000-04-17 11:14,14.5,15.0,14.0,4,Calm surface. Raining. But low light and much sky reflection. FAIR-to-GOOD viewing conditions.
LTP,2000-04-27 11:29,16.0,16.5,15.5,5,Ripples. No clouds. SW breeze @2 kn. Cooling. GOOD viewing conditions.
LTP,2000-05-08 11:15,14.75,15.0,14.5,4,Water is greenish-blue. SW breeze @5 kn. Ripples. Some sky cover. FAIR-to-GOOD viewing conditions. Black Secchi disk was repainted with flat black spray paint before this measurement.
LTP,2000-05-16 11:33,16.0,16.5,15.5,5,"Snowing. Calm, but sun obscured and much sky reflection. GOOD viewing conditions."
LTP,2000-05-30 11:51,15.75,16.5,15.0,4,Choppy with 1 ft. waves and gusty winds. No clouds. Waves gave FAIR-to-GOOD viewing conditions. Water is a greenish-blue. Surface temperature still quite cool...perhaps we had another seiche/upwelling event.
LTP,2000-06-10 11:20,14.5,15.0,14.0,4,FAIR-to-GOOD viewing conditions. High cloud sky reflections. Small waves.
LTP,2000-06-20 11:19,18.5,19.0,18.0,5,Waves ~1 ft. Sunny and warm. GOOD viewing conditions. Lots of pollen on lake surface.
LTP,2000-06-29 11:34,19.25,19.5,19.0,7,"Smooth swells ~0.5 ft. Bright, warm sun. No clouds over sun. Hazy with thunderstorm cumulus building to south. EXCELLENT viewing conditions. Still some pollen on the surface."
LTP,2000-07-10 11:24,21.0,21.5,20.5,7,"Flat, calm. EXCELLENT viewing conditions."
LTP,2000-07-20 11:01,20.75,21.0,20.5,7,"EXCELLENT viewing conditions. Flat, calm. Sunny. No clouds or wind."
LTP,2000-08-09 11:46,18.75,19.0,18.5,5,"GOOD viewing conditions. East wind @5 kn. Boat waves 1 ft. Bright, warm sun. No clouds."
LTP,2000-08-17 11:38,19.5,20.0,19.0,5,Boat wakes ~1.5 ft. Light breezes SW with ripples. Some thin cirrus clouds passing over the sun. GOOD viewing conditions.
LTP,2000-09-04 11:32,19.0,19.5,18.5,5,Gusty south winds @ 10-20 kn. A few cumulus clouds. Cool and sunny. Whitecaps and 1 ft. waves. Wire angle. GOOD viewing conditions in lee side shadow of boat.
LTP,2000-09-18 11:17,23.5,24.0,23.0,7,"Smooth swells from E ~1ft. Warm, sunny. Light breezes and ripples. EXCELLENT viewing conditions."
LTP,2000-09-27 11:39,22.5,23.0,22.0,7,Smooth ripples. Warm and sunny. No wind. Hazy with moderate smog. 5% stratus off to the east. EXCELLENT viewing conditions.
LTP,2000-10-09 11:45,19.5,20.0,19.0,4,FAIR-to-GOOD viewing conditions in shallower water near shore (sheltered from some of the wind). Weather deteriorating in front of incoming cold storm which threatens to bring snow to lake level. Rough with SW winds in gusts. Rapidly passing clouds.
LTP,2000-10-19 11:36,26.0,26.5,25.5,7,"Flat, calm. Warm, sunny. Sky clear. Great profiling conditions. EXCELLENT viewing conditions."
LTP,2000-10-27 11:27,18.0,18.5,17.5,4,FAIR-to-GOOD viewing conditions. Sky reflection from cloud cover. South wind waves 1 ft.
LTP,2000-11-05 11:36,23.5,24.0,23.0,7,"Smooth ripples. Lower sun angle. ~30% high, thin stratus. Calm and sunny. Sky clear over sun. Light in-basin smog. EXCELLENT viewing conditions."
LTP,2000-11-21 11:42,19.5,20.5,18.5,4,SW wind @10 kn. Waves ~1 ft. Low sun angle. GOOD to FAIR viewing conditions.
LTP,2000-12-01 11:34,24.25,24.5,24.0,7,"Flat, calm. Sun breaking through clouds. EXCELLENT viewing conditions."
LTP,2000-12-16 11:04,24.0,24.5,23.5,7,"Flat, calm. Warming, sunny. No clouds. Smooth swells. EXCELLENT viewing conditions!"
LTP,2000-12-27 11:26,24.75,25.0,24.5,7,"Flat, calm. High moderate stratus overcast over sun. No wind. Moderate smog. Low sun angle."
LTP,2001-01-09 11:55,18.75,19.0,18.5,5,SW breeze rising. High stratus cover thickening. Getting cooler. GOOD viewing conditions but becoming darker and breezy.
LTP,2001-01-18 11:28,25.5,26.0,25.0,7,"Flat, calm. Some high cloud reflection but EXCELLENT viewing conditions. Secchi depth has increased somewhat. NE winds @ 10-30 kn previous 3-4 days."
LTP,2001-01-31 11:56,21.0,22.0,20.0,4,Large swells @ 2.5-3 ft. E wind @ 5-10 kn making for FAIR-to-GOOD viewing conditions.
LTP,2001-02-12 13:05,21.0,22.0,20.0,4,E wind rising to 10 kn again with 1.5 ft whitecaps. Sky overcast. FAIR-to-GOOD viewing conditions.
LTP,2001-02-23 11:50,30.5,31.0,30.0,6,Ripples from NW ~0.5 ft. Sunny. Cold. GOOD-to-EXCELLENT viewing conditions. Continually stormy for 4-5 days prior. Water clarity increasing as the lake mixes.
LTP,2001-03-06 11:56,24.5,25.0,24.0,4,Waves from E @1.5 ft. Wind @5-10 kn. Sun in and out of 95% cumulus cloud cover with 10-15 kn wind. Sky reflection 100%. No sun visible. FAIR-to-GOOD viewing conditions.
LTP,2001-03-16 11:29,24.5,25.0,24.0,5,Swells from NE. Cool with 2-3 kn breeze. GOOD viewing conditions.
LTP,2001-03-28 11:23,22.0,22.5,21.5,7,"High, thin stratus moving over sun. Calm. Warm and sunny. High, moderate cloud cover ~40%. EXCELLENT viewing conditions."
LTP,2001-04-10 11:56,28.0,28.5,27.5,7,Smooth swells from the east. Warming and sunny. No clouds over sun. Light smog. EXCELLENT viewing conditions. Some more mixing may have occurred over the past several days due to some strong SW or NE winds.
LTP,2001-04-23 11:37,22.5,23.0,22.0,7,"Flat, calm. Warm and sunny. No clouds over sun. EXCELLENT viewing conditions. Significant amount of Gobi Desert dust and haze in the basin (from China/Mongolia dust storms) the previous week before a storm cleared it out."
LTP,2001-05-05 11:56,22.0,22.5,21.5,7,"Warm, bright sun through high, thin, uniform haze. No wind. Glassy calm. EXCELLENT viewing conditions. Water seems to be a ""cloudy"" blue."
LTP,2001-05-17 11:20,20.0,20.5,19.5,7,"Flat, calm. High, thin, stratus clouds. Warm and sunny. No wind. Smoggy. Repainted the black Secchi disk before this measurement."
LTP,2001-05-30 11:38,23.5,24.0,23.0,7,"Warm and sunny. High, thin, stratus and cirrus. Smooth E swells 1 ft. Hazy. EXCELLENT viewing conditions. Smoky from 4500 acre Susanville fire."
LTP,2001-06-11 11:53,21.5,22.0,21.0,6,"Breezy with 6"" ripples. Gusty SW wind @3-10 kn. Warm and sunny. GOOD-to-EXCELLENT viewing conditions."
LTP,2001-06-27 09:50,17.5,18.0,17.0,3,Ripples from gusty SW winds. Cloud cover 90%. FAIR viewing conditions. Most of the smoke from the Martis fire (6/17) kept out of basin by prevailing SW-->NE winds.
LTP,2001-07-16 11:37,17.5,18.0,17.0,3,Breezy and gusty SW wind @10-15 kn. Heavy cloud cover. Cool. No sun visible. FAIR viewing conditions.
LTP,2001-07-25 10:44,27.5,28.0,27.0,7,"Flat, calm (except for boat wakes). Warm and sunny. Cloudless but smoggy. EXCELLENT viewing conditions! Lake is quite clear for this time of year! :)"
LTP,2001-08-06 11:31,27.0,27.5,26.5,7,"Calm, warm, sunny. No waves except boat swells. Light in-basin smog. EXCELLENT viewing conditions."
LTP,2001-08-17 10:52,25.5,26.0,25.0,7,"High, thin clouds over sun. No wind. Warm. Smoggy. Smooth swells from boat wakes. EXCELLENT viewing conditions."
LTP,2001-08-27 11:14,25.0,25.5,24.5,7,"Very warm. Calm. No clouds, but smoky in the basin and fairly clear overhead. No wind. EXCELLENT viewing conditions. Black disc diameter is 60 cm (23.5"")."
LTP,2001-09-06 11:08,22.5,23.0,22.0,0,"Smooth ripples. Warm, sunny. Light E breeze and smoky skies."
LTP,2001-09-22 10:45,20.75,21.0,20.5,7,"Flat, calm. Warm and sunny. No clouds. EXCELLENT viewing conditions."
LTP,2001-10-02 11:50,21.5,22.0,21.0,7,"Flat, calm. Warm and sunny. No clouds or wind. EXCELLENT viewing conditions."
LTP,2001-10-15 11:38,23.5,24.0,23.0,7,"Hazy sun. Moderate high stratus. Flat, calm. Warm. EXCELLENT viewing conditions."
LTP,2001-10-29 11:16,21.0,21.5,20.5,4,Waves ~1 ft. with whitecaps. SW wind @5-10 kn. Gusty. Hazy sun and much smog or in-basin haze and increasing lower clouds. FAIR-to-GOOD viewing conditions.
LTP,2001-11-07 11:48,20.5,21.0,20.0,5,"Large, 1.5 ft. easterly swells. Bright sun. Some basin smoke and smog. GOOD viewing conditions."
LTP,2001-11-19 10:54,20.5,21.0,20.0,0,"Ripples. Gusty, light W wind coming up. Full cloud cover."
LTP,2001-12-04 12:22,19.5,20.0,19.0,5,Ripples from NW. Cool and breezy. GOOD viewing conditions.
LTP,2001-12-18 12:19,20.0,20.5,19.5,4,Waves ~0.5 ft. Gusty W winds @5-15 kn. Sun partially obscured by high stratus. Some sky reflection. FAIR-to-GOOD viewing conditions.
LTP,2001-12-27 10:57,24.0,24.5,23.5,7,"Some sky reflection. Flat, calm. High cloud cover 95%. Cool. No wind. EXCELLENT viewing conditions."
LTP,2002-01-08 11:38,20.75,21.5,20.0,4,Waves ~1 ft. with SW gusty winds @10-20 kn. Sky reflection 100%. FAIR-to-GOOD viewing conditions.
LTP,2002-01-19 11:59,19.0,21.0,17.0,3,Snowing and blowing from NW @10-15 kn. Waves ~1 ft. Sky reflection 100%. No sun visible. FAIR viewing conditions.
LTP,2002-01-30 12:21,24.0,24.5,23.5,5,Large 2-ft swells from E. Bright sun. No clouds or smog. Cold. GOOD viewing conditions. Lake seems to be clearing up as it mixes deeper.
LTP,2002-02-07 11:58,19.25,19.5,19.0,3,"Strong (20-30 kn), gusty winds. ~90% overcast. Waves 1-2 ft. Some sky reflection. FAIR viewing conditions."
LTP,2002-02-18 11:59,26.0,26.5,25.5,5,"Calm. Hazy sun through high, thickening clouds. Cooling. GOOD viewing conditions."
LTP,2002-02-28 11:09,23.0,23.5,22.5,7,Smooth SE ripples. Bright sun. No clouds. Light SE breeze @1 kn with small ripple. Moderate smog. Warming and sunny. EXCELLENT viewing conditions.
LTP,2002-03-11 12:19,41.0,42.0,40.0,7,"Flat, calm. Filtered sun through 90% high, thin clouds. No wind. Light smog. EXCELLENT viewing conditions. Cool, calm day preceded by several stormy days with strong SW winds @15-35 kn. Temp. profile (~5.1 to 4.9 C) indicates at least partial mixing."
LTP,2002-03-21 11:38,25.5,26.0,25.0,5,Ripples from NE. Some sky reflection. Filtered sun through high stratus. GOOD viewing conditions.
LTP,2002-04-01 11:56,27.0,27.5,26.5,7,"Flat, calm. Sunny. No clouds. Warm. EXCELLENT viewing conditions. Water seems clearer than last LTP."
LTP,2002-04-11 11:45,23.5,24.0,23.0,5,Ripples and 0.5 ft waves. Partly cloudy (~50%). Many sun breaks. GOOD viewing conditions. Breeze SW @10-15 kn.
LTP,2002-04-21 11:58,23.25,24.0,22.5,7,"Smooth ripples with 1-2 kn NE breeze. Cool and sunny. Few clouds. EXCELLENT viewing conditions. Water appears a bit ""cloudy""."
LTP,2002-05-01 11:53,21.5,22.0,21.0,7,Sun glare on sunny side. EXCELLENT viewing conditions. Cool. Sunny. Few clouds.
LTP,2002-05-10 12:25,18.25,19.0,17.5,5,Ripples with gusty SW breezes. Sunny most of the time. GOOD viewing conditions.
LTP,2002-05-22 11:12,25.0,26.0,24.0,7,"Cool. Easterly, light breeze. Ripples. Sunny. No clouds. EXCELLENT viewing conditions."
LTP,2002-06-03 11:56,24.5,25.0,24.0,7,"Flat, calm. Warm and sunny. No wind. EXCELLENT viewing conditions. Lots of phytoplankton in zooplankton sample."
LTP,2002-06-12 11:56,26.0,26.5,25.5,7,Warm. Calm. Sunny. No clouds or wind. Light smog. EXCELLENT viewing conditions. Lots of algae in zooplankton sample.
LTP,2002-06-24 11:32,25.5,26.0,25.0,7,Nice. Warm. Sunny. Cloudless. Light smog. EXCELLENT viewing conditions.
LTP,2002-07-05 11:26,23.5,24.0,23.0,6,"Smooth swells from many boat wakes. Warm. Clear. Sunny. Light smog overhead and in basin except for around ""Gondola"" fire at South Lake Tahoe. GOOD-to-EXCELLENT viewing conditions. Some algae in zooplankton sample."
LTP,2002-07-16 12:44,21.5,22.0,21.0,5,NE breeze @5 kn. Waves 1.5 ft. Cool and sunny. No clouds. GOOD viewing conditions. Smoke from fires near Topaz Lake SE of Tahoe not entering basin but visible over South Lake Tahoe.
LTP,2002-07-25 11:45,22.75,23.5,22.0,6,Ripples. NE breeze @2-3 kn shifting to SW during readings. Strong surface reflections. GOOD-to-EXCELLENT viewing conditions.
LTP,2002-08-10 11:52,25.0,25.5,24.5,6,"Smooth swells from boat wakes. No wind or clouds but quite smoky. Warm, bright sun. Strong glint on surface. GOOD-to-EXCELLENT viewing conditions."
LTP,2002-08-30 11:27,25.5,26.0,25.0,7,"Smooth boat wake swells. Smoky, hazy sky with warm sun. Calm. EXCELLENT viewing conditions."
LTP,2002-09-09 12:08,29.0,29.5,28.5,7,"Smooth ripples from E. Warm, sunny. No clouds. Light in-basin smog. EXCELLENT viewing conditions. Repainted black Secchi disk before this LTP. Strong SW -> NE winds (10-30 kn) last week appear to have cleared up the lake a bit."
LTP,2002-09-19 12:06,25.0,26.0,24.0,5,Large easterly swells 1-2 ft. Warming. Sunny. Cloudless. Light smog. GOOD viewing conditions.
LTP,2002-09-30 12:15,21.25,22.0,20.5,5,Gusty SW breezes @5-15 kn. Sunny. Cool. A few cumulus clouds. GOOD viewing conditions.
LTP,2002-10-14 12:03,24.5,25.0,24.0,7,"Flat, calm. No wind or clouds. Warm and sunny. Light smog. EXCELLENT viewing conditions."
LTP,2002-10-28 11:43,19.75,20.0,19.5,5,"GOOD viewing conditions. 1-ft swells. Moderate, high stratus cloud cover. Ligh....(comment ended mid-word). Calmer for ""sunny"" side black Secchi reading."
LTP,2002-11-05 12:07,24.0,24.5,23.5,7,Calm. Sunny. EXCELLENT viewing conditions. Warming. Clear over sun. Smoky.
LTP,2002-11-20 11:59,21.0,21.5,20.5,6,GOOD-to-EXCELLENT viewing conditions. Low sun angle. Some ripples from north.
LTP,2002-12-05 11:58,23.0,23.5,22.5,7,"Flat, calm. Clouds moving in. No wind. Hazy sun. EXCELLENT surface viewing conditions."
LTP,2002-12-18 12:46,21.5,22.0,21.0,5,Small whitecaps ~0.5 ft. Gusty SW winds @5-15 kn. GOOD viewing conditions. Partly cloudy or sunny.
LTP,2002-12-30 11:52,20.0,20.5,19.5,0,100% cloudy. Snowing lightly. SW wind @5-10 kn. Waves 0-5 ft.
LTP,2003-01-09 11:18,18.5,19.0,18.0,4,"Calm but beginning to snow big, wet flakes. Ripples. No sun visible. FAIR-to-GOOD viewing conditions."
LTP,2003-01-20 11:41,24.0,24.5,23.5,7,"Flat, calm. Cloudless. Sunny. Low sun angle. EXCELLENT viewing conditions."
LTP,2003-01-30 11:08,21.75,22.5,21.0,7,Low sun angle but EXCELLENT viewing conditions.
LTP,2003-02-10 11:44,24.5,25.0,24.0,7,"Flat, calm. Warming. Sunny with no clouds over sun. EXCELLENT viewing conditions."
LTP,2003-02-19 11:29,20.75,21.0,20.5,4,Small ripples. Snowing moderately with weak sun peaking through and 0.5 ft waves. FAIR-to-GOOD viewing conditions.
LTP,2003-02-26 11:15,18.75,19.0,18.5,6,"Small ripples. Light, SW breeze. Sunny and cold. GOOD-to-EXCELLENT viewing conditions."
LTP,2003-03-11 11:39,20.5,21.0,20.0,5,"Ripples and light breeze from east. Sun masked by moderate, high stratus which changes quickly. GOOD viewing conditions."
LTP,2003-03-24 11:04,24.0,24.5,23.5,5,Sunny. Breeze SW @5-10 kn. Ripples. Some clouds passing by. GOOD viewing conditions.
LTP,2003-04-08 11:50,24.25,24.5,24.0,7,Light breeze and ripples from north. Bright sunny sky. No clouds. Light haze and smog. EXCELLENT viewing conditions.
LTP,2003-04-23 11:59,21.5,22.0,21.0,4,Sky partly cloudy. SW wind @10-15 kn with 1 ft waves. FAIR-to-GOOD viewing conditions.
LTP,2003-05-05 11:51,23.0,23.5,22.5,6,Cool. Sunny. No clouds over sun. Light breeze and ripples from east. GOOD-to-EXCELLENT viewing conditions.
LTP,2003-05-16 11:51,23.5,24.0,23.0,5,"Calm. High, hazy cloud cover. Warm sun. GOOD viewing conditions."
LTP,2003-05-26 11:55,13.5,14.0,13.0,6,"Warm. Smooth ripples and swells. Filtered sun through 80% high, stratus haze. Light in-basin smog. Water is a turbid greenish-blue. Blackwood Creek runoff from snowmelt and warm temperatures appear to be changing transparency!"
LTP,2003-06-05 11:41,20.0,20.5,19.5,7,"Smooth, 1.5 ft swells from SE. Warm, sunny. Cloudless. Moderate smog. Lots of pollen in the water and woody debris from runoff of Blackwood Creek, etc. EXCELLENT viewing conditions. Water is a ""cloudy"" blue-green."
LTP,2003-06-16 11:35,21.5,22.0,21.0,7,"EXCELLENT viewing conditions. Flat, calm. Sunny, warm. Hazy in the basin."
LTP,2003-06-25 11:02,20.5,21.0,20.0,5,Same as earlier (e.g. choppy waves on surface ~1 ft.) but a bit calmer. Water is cloudy-blue. GOOD viewing conditions.
LTP,2003-07-07 11:58,22.5,23.0,22.0,6,"Smooth swells with easterly breeze and ripples. Bright, warm sun. No clouds. Light-to-moderate smog. GOOD-to-EXCELLENT viewing conditions. Lake appears to have cleared up somewhat and is a clearer, blue color."
LTP,2003-07-17 11:21,23.0,23.5,22.5,7,"Warm, calm, sunny. Smooth, small swells. EXCELLENT viewing conditions."
LTP,2003-07-28 11:34,22.5,23.0,22.0,7,"Smooth swells . High, moderate stratus over sun increasing. Warm! EXCELLENT viewing conditions."
LTP,2003-08-07 11:42,20.0,21.0,19.0,5,"GOOD viewing conditions. Sunny, warm. No clouds. Gusty, SW breezes, now with ripples and 3 kn SW wind."
LTP,2003-08-18 12:12,22.0,22.5,21.5,7,"Calm. Warm, sunny. Hazy. EXCELLENT viewing conditions."
LTP,2003-08-29 11:41,20.0,20.5,19.5,7,"Calm, cloudless, clear. Smooth swells. Warm and sunny. Moderate smog. EXCELLENT viewing conditions. Water is sort of cloudy, blue-green."
LTP,2003-09-08 11:00,17.75,18.5,17.0,4,"Ripples. Sunny, warm. Gusty, variable breezes switching from SW to NE to NW, etc. FAIR-to-GOOD viewing conditions due to SW breeze @10 kn with 0.5 ft waves."
LTP,2003-09-21 11:34,22.5,23.0,22.0,7,"Calm. Warm, sunny. Cloudless. No wind. Small, smooth, boat wake swells. Lake water is a cloudy, blue-green. EXCELLENT viewing conditions."
LTP,2003-10-03 11:31,23.0,23.5,22.5,7,Calm. Warm. Sunny. No wind. Moderate smog. EXCELLENT viewing conditions. Some leaf litter on surface.
LTP,2003-10-20 11:56,21.5,22.0,21.0,7,"Calm. Warm, sunny. Low sun angle. EXCELLENT viewing conditions."
LTP,2003-10-30 11:42,20.0,21.0,19.0,5,Ripples from SW 5-10 kn breeze. Clouds building and passing overhead quickly. Sunny in between passing clouds. Cold. GOOD viewing conditions. Low sun angle noticeable.
LTP,2003-11-11 11:43,24.25,24.5,24.0,7,"Warm and sunny. No clouds or wind. Flat, calm. EXCELLENT viewing conditions. Lower sun angle."
LTP,2003-11-24 11:57,20.0,20.5,19.5,5,"Ripples. Cool. Gusty. Partly sunny with high, moderate clouds. GOOD viewing conditions."
LTP,2003-12-03 12:15,22.5,23.0,22.0,7,"Flat, calm. Warming and sunny. A few thin, stratus clouds over sun. EXCELLENT viewing conditions."
LTP,2003-12-15 11:57,25.5,26.0,25.0,7,"High, stratus clouds increasing then decreasing, allowing sun to come back out. Smooth, 1-ft, easterly swells. EXCELLENT viewing conditions."
LTP,2003-12-26 11:47,20.0,20.5,19.5,4,"Cold. SW breeze @10 kn with ripples. Low sun angle. FAIR-to-GOOD viewing conditions. This will be the last ""black"" Secchi reading until further notice (Ted Swift's thesis is complete and other PIs don't think it's necessary)."
LTP,2004-01-05 12:44,23.0,24.0,22.0,5,Cold. Sunny. No clouds. Light smog. Calm. GOOD viewing conditions. Low sun angle.
LTP,2004-01-15 11:52,25.75,26.0,25.5,7,"Calm. Sunny and warming. No clouds. Flat, calm. No wind. EXCELLENT viewing conditions. Low sun angle."
LTP,2004-01-26 11:25,23.0,23.5,22.5,5,"Ripples. Lowering, 100% cloud cover. Light breezes. Snow showers lowering all around to lake level. Weak sun. GOOD viewing conditions, but low light levels."
LTP,2004-02-06 10:59,24.5,25.0,24.0,5,Smooth ripples. Gathering overcast. Sunlight decreasing. Small swells. GOOD viewing conditions.
LTP,2004-02-19 11:27,31.75,32.5,31.0,7,Warming. Bright sun with clouds moving east. Glassy calm. EXCELLENT viewing conditions. VERY strong SW winds (40-60+ kn?) 2 days prior with a lot of mixing and partial upwelling.
LTP,2004-03-03 12:01,29.5,30.0,29.0,5,"Smooth SE ripples. 100% high, stratus with filtered sun. Light breeze. GOOD viewing conditions. Sun came out a bit so redid original Secchi (I=29.0; II=27.5 m)."
LTP,2004-03-12 11:05,26.5,27.0,26.0,7,Warm and sunny. Calm or light ripples. No clouds. Some in-basin smog. EXCELLENT viewing conditions.
LTP,2004-03-27 11:15,25.5,26.0,25.0,6,Smooth swells. Warming and sunny. GOOD-to-EXCELLENT viewing conditions.
LTP,2004-04-13 12:32,15.0,16.0,14.0,4,"Gusty, SW winds @5-15 kn and 0.5 ft ripples. Sunny w/ 60% hazy, cumulus cloud cover. Water appears to be a turbid, cloudy, greenish color. FAIR-to-GOOD viewing conditions."
LTP,2004-04-23 11:56,18.0,19.0,17.0,5,"Sunny. Warming. High, thin cloud cover. Light breezes and ripples. GOOD viewing conditions. Water has a cloudy, blue-green tinge."
LTP,2004-05-04 11:25,17.25,18.0,16.5,4,"Small white caps or ripples. Gusty, SW winds @10-20 kn. FAIR to GOOD viewing conditions. Water is a cloudy bluish-green color."
LTP,2004-05-14 09:55,18.5,19.0,18.0,7,Calm. Warming. Sunny. Stratus clouds thickening a bit over sun from jet contrails. EXCELLENT viewing conditions.
LTP,2004-05-24 11:29,20.5,21.0,20.0,7,"Flat, calm. Warm and sunny. 30% high, thin, cirrus and stratus cloud cover. No wind. Water is a cloudy blue-green."
LTP,2004-06-04 10:59,18.75,19.0,18.5,7,"High, moderate, stratus/cirrus clouds over sun. Clouds thickening. Warm. Sunny. Calm. Light smog. Bluish-green water. EXCELLENT viewing conditions."
LTP,2004-06-13 10:42,21.5,22.0,21.0,7,"Flat, calm. Warm. Sunny. Cloudless with moderate smog. EXCELLENT viewing conditions."
LTP,2004-06-24 11:36,22.5,23.0,22.0,6,"Smooth boat ripples. Warm. 50% high, scattered, cirrostratus, moderate cloud cover. Moderate, in-basin smog. GOOD-to-EXCELLENT viewing conditions."
LTP,2004-07-06 11:29,22.5,23.0,22.0,7,"Warm. Sunny. Calm. Moderate smog. 5% distant, cumulus clouds. Smooth boat wake swells. EXCELLENT viewing conditions."
LTP,2004-07-17 10:08,22.5,23.0,22.0,7,"Calm. Sunny. Warm with in-basin smoke from Carson City's ""Waterfall Fire"". 15% cloud cover. Moderate smog. No clouds over sun. EXCELLENT viewing conditions."
LTP,2004-07-26 11:00,21.5,22.0,21.0,5,Breezy. Sunny. Warm. SW wind @~10 kn. 5% cumulus cloud cover. Moderate smog.
LTP,2004-08-10 11:38,23.5,24.0,23.0,7,Warm. Sunny. Calm. No clouds. Light smog. EXCELLENT viewing conditions.
LTP,2004-08-20 10:44,21.5,22.0,21.0,6,Smooth boat wake swells. Clouds thickening over sun. GOOD-to-EXCELLENT viewing conditions.
LTP,2004-08-30 11:45,24.0,24.5,23.5,7,"Flat, calm, and nice. EXCELLENT viewing conditions."
LTP,2004-09-10 11:15,21.0,22.0,20.0,5,"Gusty, SW breeze @2-10 kn. Ripples. Sunny. GOOD viewing conditions."
LTP,2004-09-23 11:10,23.5,24.0,23.0,7,"Flat, calm. Cloudless. Clear and sunny. EXCELLENT viewing conditions."
LTP,2004-10-04 11:59,26.0,26.5,25.5,7,"Flat, calm. No wind. Warm and sunny. No clouds (~30%) over sun. EXCELLENT viewing conditions."
LTP,2004-10-15 12:19,24.5,25.0,24.0,7,Calm. Warm and sunny but increasingly smoky from fires to the SW. EXCELLENT viewing conditions.
LTP,2004-10-28 12:47,17.5,17.0,18.0,4,FAIR-to-GOOD viewing conditions. SW winds @5 kn. Waves 1 ft. Cloud cover 100% causing surface reflection.
LTP,2004-11-08 12:24,19.5,20.0,19.0,0,"Light, SE breeze (0-5 kn). Small (2-3""), surface waves. Cloud cover 100%."
LTP,2004-11-17 12:03,23.5,24.0,23.0,7,"Flat and calm with sunny, clear sky. EXCELLENT viewing conditions."
LTP,2004-11-30 12:50,20.5,21.0,20.0,7,"Flat, calm. Cloud cover 100%. EXCELLENT viewing conditions."
LTP,2004-12-11 11:24,21.5,22.0,21.0,7,"Flat, calm. Sun in and out of high clouds. EXCELLENT viewing conditions."
LTP,2005-01-05 12:17,20.5,21.0,20.0,0,"West wind to 10 mph. Small (0.25 ft), surface waves. Sun in and out of 60% cloud cover."
LTP,2005-01-14 11:14,24.5,25.0,24.0,6,"Flat, calm with 80% cloud cover. VERY GOOD viewing conditions."
LTP,2005-01-25 10:45,23.5,24.0,23.0,0,"Calm, with light rain. Cloud cover 100%."
LTP,2005-02-04 11:55,26.0,26.5,25.5,6,"Small surface waves (0.3 ft) from light, east breeze. VERY GOOD viewing conditions."
LTP,2005-02-16 12:05,26.5,27.0,26.0,5,Heavy snow and light winds. 1-ft swell out of the east. Cloud cover 100%. GOOD viewing conditions.
LTP,2005-03-01 11:08,24.5,25.0,24.0,6,Light breeze to 3 mph from the south. Cloud cover 50% with sun on the boat. VERY GOOD viewing conditions.
LTP,2005-03-10 10:04,29.5,30.0,29.0,7,"Flat, calm. Bright sunny sky. EXCELLENT viewing conditions."
LTP,2005-04-15 10:32,26.75,27.0,26.5,0,"Flat, calm. Bright sun. High, thin cloud cover 5%."
LTP,2005-04-25 11:20,22.0,22.5,21.5,7,"Flat, calm. Bright sun. High, thin cloud cover 5%."
LTP,2005-05-03 11:11,21.5,22.0,21.0,7,"Flat, calm. Bright sun with a few high, thin clouds. EXCELLENT viewing conditions."
LTP,2005-05-13 10:44,20.5,21.0,20.0,6,"Flat, calm with no wind. Sunny with thin, high clouds. Cloud cover ~75%. VERY GOOD viewing conditions."
LTP,2005-05-26 10:58,18.5,19.0,18.0,7,"Sunny and clear. Flat, calm. EXCELLENT viewing conditions."
LTP,2005-06-10 10:58,20.0,20.5,19.5,6,"Light, SE wind to 3 mph causing small surface ripple. Bright sun. VERY GOOD conditions."
LTP,2005-07-01 12:29,20.0,20.5,19.5,6,Bright sun and calm winds. No clouds. Haze over lake. Boat wakes. VERY GOOD viewing conditions.
LTP,2005-07-12 10:58,19.5,20.0,19.0,7,Bright sun. No clouds. Calm winds. Some boat wakes. EXCELLENT viewing conditions.
LTP,2005-07-21 12:58,18.5,19.0,18.0,6,"Flat, calm. No wind. Cloud cover 60%. Sun behind thin cloud layer. Very bright. VERY GOOD viewing."
LTP,2005-08-05 10:45,19.0,19.5,18.5,6,Light SE breeze to 5 mph causing small surface waves. Bright sun. No clouds. VERY GOOD viewing.
LTP,2005-08-15 10:30,20.5,21.0,20.0,5,"Light breeze causing small surface ripples. High, thin cloud cover. GOOD conditions."
LTP,2005-08-24 10:20,21.0,22.0,20.0,0,Light breeze causing surface waves. Bright sun. No clouds.
LTP,2005-09-06 11:03,22.5,23.0,22.0,7,"Flat, calm. Warm and sunny. No clouds. Moderate smog. EXCELLENT viewing conditions."
LTP,2005-09-21 11:34,22.5,23.0,22.0,5,SE breeze @5 kn. Waves 1 ft. Sky clear. Sunny. Light smog. GOOD viewing conditions. Measured from the R/V Frantz.
LTP,2005-10-06 11:38,21.0,21.5,20.5,6,Sun angle lowering but GOOD-to-EXCELLENT viewing conditions. Calm. Sunny. No clouds.
LTP,2005-10-20 11:05,20.5,21.0,20.0,0,Flat and calm with no clouds. Bright sun except for heavy haze due to controlled burning.
LTP,2005-10-31 11:08,20.0,20.5,19.5,0,"Flat, calm. Bright sun. Smokey haze over lake and a few high, thin clouds."
LTP,2005-11-20 10:35,19.625,20.0,19.25,6,"Flat, calm. Sun behind a few high, thin clouds. VERY GOOD viewing conditions."
LTP,2005-12-05 12:25,19.5,20.0,19.0,0,"Flat, calm. No cloud cover. Bright sun. Low, winter sun angle."
LTP,2005-12-15 12:45,20.5,21.0,20.0,6,Bright sun. No clouds. Very small surface ripple from light and variable breeze. VERY GOOD viewing conditions.
LTP,2005-12-24 11:35,20.625,21.0,20.25,6,"Flat, calm. Overcast 100% with fog lifted off lake surface. High contrast. VERY GOOD viewing conditions."
LTP,2006-01-05 11:40,23.375,24.0,22.75,6,"Cloud cover 100% (fog). No wind. Flat, calm lake surface. Good contrast for VERY GOOD viewing conditions."
LTP,2006-02-08 11:34,24.25,24.5,24.0,7,"Flat, calm. No waves. Bright sun. No clouds. EXCELLENT viewing conditions."
LTP,2006-02-21 11:53,25.5,26.0,25.0,7,"Flat, calm. No surface ripple. Bright sun. EXCELLENT viewing conditions."
LTP,2006-03-30 12:30,24.75,25.0,24.5,3,"Small surface waves to 0.3 feet. High, thin clouds. Lots of surface reflection. MODERATE (FAIR?) conditions. Water is very clear now! Too bad conditions were not better for Secchi. I might have read a depth over 30 m!"
LTP,2006-05-09 10:55,16.75,17.0,16.5,5,Swells 1-2 feet with 5-10 mph wind. Bright sun and no clouds. GOOD viewing conditions.
LTP,2006-05-25 10:50,14.5,15.0,14.0,5,Surface waves to 0.5 ft. Bright sun. No clouds. SW wind @10 mph gusting to 20 mph. GOOD conditions.
LTP,2006-06-06 10:45,15.75,16.0,15.5,7,"Flat, calm. Bright sun. Cloud cover"
LTP,2006-06-19 11:06,15.625,16.0,15.25,5,"Small, surface waves to 0.5 ft. Bright sun but lots of surface glare. GOOD conditions."
LTP,2006-06-30 11:10,17.25,17.5,17.0,6,[surface conditions not recorded]
LTP,2006-08-09 11:46,14.5,15.0,14.0,5,"Sunny and clear. Boat wakes and light, surface ripple. Lots of reflection. GOOD conditions. Surprised by the low Secchi reading. Conditions were good so there must be stuff in the upper water column."
LTP,2006-08-31 11:24,19.0,19.5,18.5,7,Calm conditions. Some boat wakes. Bright sun and no clouds. EXCELLENT viewing conditions.
LTP,2006-09-13 12:55,21.5,22.0,21.0,7,"Flat, calm with bright sun. No boat wakes or surface ripples. EXCELLENT viewing conditions."
LTP,2006-09-26 12:22,23.25,24.0,22.5,7,"Flat, calm. Bright sun. No clouds. EXCELLENT viewing conditions."
LTP,2006-10-20 11:20,23.0,23.5,22.5,6,Bright sun. Small surface ripples from 5 mph east wind. VERY GOOD conditions.
LTP,2006-11-18 11:50,23.625,24.0,23.25,7,"Bright sun. Few, high, thin clouds. Flat, calm surface. No wind. EXCELLENT viewing conditions."
LTP,2006-11-30 12:28,19.5,20.0,19.0,7,Sunny and clear with calm winds. Low sun angle in winter. EXCELLENT viewing conditions.
LTP,2007-01-22 10:42,25.625,26.0,25.25,6,"Small surface waves (2-4""). Bright sun. No cloud cover. VERY GOOD conditions."
LTP,2007-01-31 10:51,26.25,27.0,25.5,6,Bright sun. No clouds. Very light SE breeze (
LTP,2007-02-13 12:00,28.0,28.5,27.5,5,Mostly cloudy. Calm wind. Smooth surface swell to 0.5 foot. GOOD viewing conditions.
LTP,2007-03-02 12:20,33.5,34.0,33.0,7,Bright sun. Calm winds. Flat surface. EXCELLENT conditions. It is likely the lake mixed during the storms between 2/24 and 2/28. The water was very clear (33.5 m Secchi).
LTP,2007-03-23 13:32,17.75,18.0,17.5,7,"Bright sun. No cloud cover. Flat, calm surface. EXCELLENT conditions."
LTP,2007-05-08 11:19,19.75,20.0,19.5,0,Bright sun. No cloud cover. Calm. No waves but slight riffles from a slight breeze.
LTP,2007-05-18 12:16,19.75,20.0,19.5,5,"Calm, hazy skies. GOOD conditions."
LTP,2007-06-12 11:54,21.25,21.5,21.0,7,"Bright sun. No clouds. Flat, calm surface. EXCELLENT viewing conditions."
LTP,2007-06-22 12:50,17.0,17.5,16.5,6,Bright sun. No clouds. Small surface ripple. Light breeze. VERY GOOD conditions.
LTP,2007-06-27 12:07,20.375,21.0,19.75,6,"Bright sun. No clouds. Some smoke haze. Light, surface breeze. Quite a bit of reflection. VERY GOOD conditions."
LTP,2007-07-10 12:47,18.5,19.0,18.0,6,Calm with boat wakes. Cloud cover ~50%. VERY GOOD conditions.
LTP,2007-07-24 11:50,20.625,21.0,20.25,6,Bright sun with 80% cloud cover. Small surface waves. No wind. VERY GOOD conditions.
LTP,2007-08-08 13:20,19.25,19.5,19.0,0,Sunny. Calm. A little chop from boat activity.
LTP,2007-08-15 11:44,20.25,20.75,19.75,5,"Light winds. Small surface waves. High, thin clouds. GOOD conditions."
LTP,2007-08-28 13:08,23.0,23.5,22.5,7,"Flat, calm. Bright sun. Very little surface reflection. EXCELLENT viewing conditions."
LTP,2007-09-08 11:31,18.75,19.25,18.25,7,No wind. Some boat wakes. Bright sun with smokey sky. EXCELLENT viewing conditions.
LTP,2007-09-27 10:00,19.25,20.0,18.5,0,Windy.
LTP,2007-10-08 12:10,21.25,22.0,20.5,5,Calm. GOOD viewing conditions.
LTP,2007-11-09 11:45,19.0,19.5,18.5,5,Small surface waves. Cloudy. Sun behind clouds. High surface glare. GOOD conditions.
LTP,2007-12-12 11:20,20.5,21.0,20.0,6,"Flat, calm. No sun. Cloud cover 100%. VERY GOOD conditions."
LTP,2008-01-09 12:19,23.0,23.5,22.5,6,"Flat, calm. No wind. Cloud cover 100%. VERY GOOD conditions."
LTP,2008-01-30 13:52,26.75,27.0,26.5,6,"Flat, calm. Filtered sun through clouds. High surface reflection. VERY GOOD conditions."
LTP,2008-02-08 11:47,31.5,32.0,31.0,7,"Bright sun. High, thin cloud cover. Small surface ripples. EXCELLENT conditions."
LTP,2008-02-15 12:25,27.0,27.5,26.5,5,Surface swell to 1 ft with small wind ripples. Bright sun. GOOD viewing.
LTP,2008-02-20 11:45,22.625,23.0,22.25,5,Sun breaking through clouds. Surface ripple. Lots of glare. GOOD conditions.
LTP,2008-02-26 13:19,33.5,34.0,33.0,7,"Bright sun. High, thin clouds. Flat, calm surface. No wind. EXCELLENT conditions."
LTP,2008-03-21 11:19,27.0,27.5,26.5,7,"Flat, calm. Bright sun. No clouds. EXCELLENT viewing conditions."
LTP,2008-03-27 11:14,32.75,33.5,32.0,7,"Bright sun. High, thin cloud layer. No wind. Flat, calm surface. EXCELLENT conditions. Likely caught an upwelling event that was due to 30-50 mph winds at lake level during the previous 3-4 days. Since strong winds are due back tomorrow (25-40 mph) for a few days, maybe another upwelling will occur next week ."
LTP,2008-04-17 12:42,21.5,22.0,21.0,7,"Flat, calm surface. No wind. Bright sun. No clouds. EXCELLENT conditions."
LTP,2008-04-24 11:57,37.25,38.0,36.5,7,"Flat, calm. Bright sun. No clouds. EXCELLENT viewing conditions. There appears to have been another upwelling event shortly before this LTP. The Secchi was great (37.25 m) and very few zoops in the water column."
LTP,2008-05-08 12:49,17.5,18.0,17.0,3,Small wind waves (quite a bit of surface waves during Secchi). Some boat drift. Bright sun. No overhead clouds. FAIR conditions.
LTP,2008-05-16 11:38,14.75,15.0,14.5,7,"Bright sun. No clouds. Flat, calm surface. EXCELLENT conditions."
LTP,2008-06-02 11:00,13.875,14.5,13.25,7,"Flat, calm surface. No clouds. Bright sun. EXCELLENT viewing conditions."
LTP,2008-06-11 11:48,14.5,14.75,14.25,7,"Flat, calm surface. Bright sun. No clouds. EXCELLENT conditions."
LTP,2008-06-27 12:37,15.5,16.0,15.0,6,Calm winds. Bright sun. Heavy haze from smoke. Boat wakes. VERY GOOD conditions.
LTP,2008-07-02 11:26,16.75,17.0,16.5,7,"Flat, calm surface. No wind. Some pollen on surface. EXCELLENT conditions."
LTP,2008-07-11 11:48,13.125,13.5,12.75,7,"Flat, calm. Sun filtered by heavy smoke over the lake. EXCELLENT surface conditions. Smoke appears to be having an effect on Secchi depth."
LTP,2008-07-24 12:24,12.75,13.0,12.5,6,Small surface ripples and boat wakes. Bright sun. No clouds. Some haze over the lake. VERY GOOD conditions. Secchi depth is still shallow.
LTP,2008-08-05 12:25,11.25,11.5,11.0,5,Calm surface with some boat wakes. No wind. Cloud cover 100%. GOOD conditions.
LTP,2008-08-12 12:04,14.25,14.5,14.0,7,Bright sun. Haze over lake. No clouds. Calm winds. Some boat wakes. EXCELLENT conditions.
LTP,2008-08-28 12:31,16.375,16.75,16.0,7,Bright sun. Calm surface except for a few boat wakes. Calm winds. EXCELLENT viewing conditions.
LTP,2008-09-10 11:26,18.25,18.5,18.0,7,"Bright sun. No clouds. Flat, calm surface. EXCELLENT conditions."
LTP,2008-09-22 13:08,19.25,19.5,19.0,0,Calm winds. Sunny with a little haze. Small riffles on surface.
LTP,2008-10-08 12:00,20.75,21.0,20.5,7,Calm. Sunny. No riffles. GREAT conditions.
LTP,2008-10-17 13:22,21.0,21.5,20.5,7,"Flat, calm surface. No wind. Bright sun. EXCELLENT conditions."
LTP,2008-10-27 11:41,21.25,22.0,20.5,6,"Bright sun behind high, thin clouds. No wind. Flat, calm surface. VERY GOOD conditions."
LTP,2008-11-06 11:27,22.125,22.75,21.5,7,"Bright sun. High, thin cloud cover. Flat, calm surface. EXCELLENT conditions."
LTP,2008-11-19 11:15,22.0,22.25,21.75,7,"Flat, calm surface. Bright sun. No clouds or smoke. EXCELLENT conditions."
LTP,2009-01-19 11:32,20.95,21.4,20.5,7,"Flat, calm. No wind. Bright sun with thin, high clouds. EXCELLENT conditions."
LTP,2009-01-30 12:23,24.2,24.9,23.5,7,"Flat, calm. Bright sun. No wind. EXCELLENT conditions."
LTP,2009-02-27 11:54,29.35,29.8,28.9,7,"Bright sun. High, thin cloud layer. No wind. Calm surface. EXCELLENT conditions."
LTP,2009-03-18 11:15,27.7,28.3,27.1,7,"Bright sun behind high, thin clouds. Mostly calm surface. Some small ripples due to light breeze. EXCELLENT conditions. Good Secchi reading."
LTP,2009-04-06 10:54,24.95,25.3,24.6,7,"Flat, calm. Bright sun. No wind. EXCELLENT conditions."
LTP,2009-04-17 12:14,20.65,21.6,19.7,7,"Flat, calm surface. Bright sun. No wind. EXCELLENT conditions."
LTP,2009-05-13 11:35,17.5,17.8,17.2,7,"Flat, calm surface. High, thin clouds over sun. No wind. EXCELLENT conditions."
LTP,2009-06-02 10:35,18.1,18.7,17.5,5,"[10:35]: Flat, calm. No sun. Cloud cover 100%. [11:22]: Cloud cover 100%. No wind. Rain on surface. GOOD conditions for both readings."
LTP,2009-06-10 11:10,16.5,17.0,16.0,3,Small surface waves and drifting boat (wind SW @15 mph). FAIR conditions.
LTP,2009-06-29 11:10,20.25,20.5,20.0,7,Calm. Sunny. No clouds. EXCELLENT conditions.
LTP,2009-07-08 11:02,18.25,18.75,17.75,6,"Bright sun. Small surface waves. VERY GOOD conditions. Winds picked up by 1030 hours when I arrived on station. I was able to do the Secchi between wind gusts so the conditions were ""very good""."
LTP,2009-07-22 11:30,16.625,17.0,16.25,7,Calm with some boat wakes. Bright sun. No clouds. EXCELLENT conditions.
LTP,2009-07-24 11:15,15.75,16.0,15.5,7,Bright sun. No wind. Boat wakes. EXCELLENT conditions.
LTP,2009-08-17 12:30,16.625,17.0,16.25,0,[no comments recorded]
LTP,2009-09-03 11:45,16.75,17.0,16.5,5,Small surface waves. Bright sun. No clouds. Lots of reflection. GOOD conditions.
LTP,2009-09-18 11:44,21.5,22.0,21.0,7,Bright sun. No clouds. Calm surface. No wind. EXCELLENT conditions.
LTP,2009-10-08 11:24,20.25,20.75,19.75,7,Bright sun. No clouds. Small surface ripple from light breeze. EXCELLENT conditions.
LTP,2009-10-15 12:03,20.875,21.25,20.5,6,"Mostly sunny. High, thin clouds. Light breeze. Small surface waves. VERY GOOD conditions."
LTP,2009-11-13 11:22,18.5,19.5,17.5,3,Surface waves ~0.5-1 ft. Bright sun. Wind to 15 mph. Boat drift. FAIR conditions.
LTP,2009-11-23 11:55,21.0,21.5,20.5,7,Bright sun. No clouds. No wind. EXCELLENT conditions.
LTP,2009-11-30 11:37,19.5,20.0,19.0,7,"Bright sun. No clouds. Flat, calm surface. EXCELLENT conditions."
LTP,2009-12-04 11:35,19.75,20.0,19.5,6,"Mostly cloudy. Sun behind clouds. Flat, calm surface. No wind. VERY GOOD conditions."
LTP,2010-01-11 12:01,18.75,19.0,18.5,6,"Flat, calm surface. Cloud cover 100%. VERY GOOD conditions."
LTP,2010-01-28 11:25,26.7,27.8,25.6,6,"Bright sun. Few high, thin clouds. Calm surface with 0.5-ft smooth swell. VERY GOOD conditions."
LTP,2010-02-08 11:46,22.25,22.75,21.75,5,East swell with light breeze. Sun behind clouds. GOOD conditions.
LTP,2010-02-23 10:50,20.4,20.6,20.2,3,Cloud cover 100%. Light snow. Swirling winds. Surface waves up to 0.5 ft. FAIR conditions.
LTP,2010-03-15 11:55,27.375,27.75,27.0,7,"Bright sun. Few high, thin clouds. No wind. Flat, calm surface. EXCELLENT conditions."
LTP,2010-04-01 12:23,25.6,26.2,25.0,3,"Small waves, snow, and 10 mph wind. Cloud cover 100%. FAIR conditions."
LTP,2010-04-15 11:38,23.5,24.0,23.0,7,"Bright sun. No wind. Flat, calm surface. EXCELLENT conditions."
LTP,2010-04-23 12:44,21.0,21.5,20.5,7,"Bright sun. Flat, calm surface. No clouds. EXCELLENT conditions."
LTP,2010-05-14 11:00,20.0,21.0,19.0,7,"Bright sun. Flat, calm surface. EXCELLENT conditions."
LTP,2010-05-28 12:14,15.0,15.5,14.5,5,Cloud over sun. Light wind. Small surface waves. High reflectance on surface. GOOD conditions.
LTP,2010-06-05 10:30,14.625,15.0,14.25,7,"Bright sun. No clouds. Flat, calm surface. No wind. EXCELLENT conditions."
LTP,2010-06-14 12:07,13.5,14.0,13.0,7,Bright sun. No clouds. Calm winds. EXCELLENT conditions.
LTP,2010-07-20 12:10,13.7,14.0,13.4,7,Sunny. Clear sky. Calm wind. Some boat wakes. EXCELLENT conditions.
LTP,2010-07-27 11:50,13.5,14.0,13.0,7,Clear sky. Bright sun. Calm winds. Boat wakes. EXCELLENT conditions.
LTP,2010-08-03 11:57,14.1,14.7,13.5,7,"High, thin cloud cover. Bright sun. No wind. Few boat wakes. EXCELLENT conditions."
LTP,2010-08-25 12:02,18.45,19.0,17.9,7,"Bright sun. No clouds. No wind. Flat, calm surface. EXCELLENT conditions. No black and white Secchi disk measurement done; only Tahoe standard 10"" white disk."
LTP,2010-09-01 11:48,20.25,20.5,20.0,7,"Bright sun. No clouds. Calm wind. Flat, calm surface. EXCELLENT conditions. Secchi reading has rebounded!"
LTP,2010-09-16 12:44,18.5,19.0,18.0,7,"Bright sun. No clouds. Flat, calm surface. EXCELLENT conditions."
LTP,2010-09-27 11:52,19.0,19.5,18.5,7,"Bright sun. Calm winds. Flat, calm surface. EXCELLENT conditions."
LTP,2010-10-12 11:55,19.0,19.6,18.4,7,"Bright sun. No clouds. No wind. Flat, calm surface. EXCELLENT conditions. No measurement taken with black and white Secchi disk."
LTP,2010-10-20 12:06,18.5,19.0,18.0,7,"Bright sun. No clouds. Flat, calm surface. EXCELLENT conditions. No measurement taken with black and white Secchi disk."
LTP,2010-11-09 10:20,17.0,17.7,16.3,3,Secchi disk measurements may have been taken a bit early but I didn't have much choice due to increasing wind. Waves to 1 foot. Mostly cloudy. Lots of surface reflection. FAIR conditions.
LTP,2010-11-17 11:43,20.0,20.5,19.5,7,"Bright sun. Few high clouds. No wind. Flat, calm surface. EXCELLENT conditions."
LTP,2010-12-12 12:04,22.35,22.7,22.0,7,"Sun breaking through the clouds. Flat, calm surface. EXCELLENT conditions."
LTP,2010-12-22 12:00,25.5,26.0,25.0,7,"Cloud cover 100%. Light snow. Minimal surface reflection. Flat, calm surface. EXCELLENT conditions."
LTP,2011-01-04 11:46,25.5,26.2,24.8,7,Bright sun. Clear sky. No wind. EXCELLENT conditions.
LTP,2011-01-18 11:35,23.4,24.6,22.2,7,"Bright sun. Few high, thin clouds. Flat, calm surface. EXCELLENT conditions."
LTP,2011-01-21 11:45,23.5,24.0,23.0,7,Bright sun. No clouds. Very small surface ripple. EXCELLENT conditions.
LTP,2011-02-10 11:39,24.5,25.0,24.0,7,Bright sun. No clouds. Calm surface with smooth 0.5-ft swell. EXCELLENT conditions.
LTP,2011-03-04 11:26,31.85,32.6,31.1,7,"Bright sun behind high, thin clouds. Flat, calm surface. EXCELLENT conditions. Very clear water! I think the lake may be near its full mixing."
LTP,2011-04-16 11:43,23.0,23.5,22.5,7,"Bright sun with a few high, thin clouds. No wind--flat, calm surface. EXCELLENT conditions."
LTP,2011-05-20 12:24,18.0,18.5,17.5,7,"Bright sun. Few clouds. Flat, calm surface. No wind. EXCELLENT conditions."
LTP,2011-06-20 11:43,17.0,17.5,16.5,7,"Bright sun. No clouds. No wind. Flat, calm surface. EXCELLENT conditions."
LTP,2011-07-11 11:32,13.5,14.0,13.0,5,Bright sun. No clouds. Surface waves ~0.5 ft. South wind @10 mph. GOOD conditions.
LTP,2011-07-23 12:43,14.8,15.3,14.3,6,Sunny and clear. Calm winds. Lots of boat wakes. VERY GOOD conditions.
LTP,2011-08-02 12:15,13.0,13.0,13.0,5,Small surface waves and boat wakes. Lots of glare. Bright sun. No clouds. GOOD conditions.
LTP,2011-09-02 11:44,14.05,14.2,13.9,0,Kind of smooth.
LTP,2011-09-29 11:15,22.5,23.0,22.0,6,"Bright sun. Few, high, thin clouds. Flat, calm surface. VERY GOOD conditions."
LTP,2011-10-18 11:20,23.5,24.0,23.0,7,"Bright sun. No wind. Flat, calm surface. EXCELLENT conditions."
LTP,2011-11-02 11:44,23.5,24.0,23.0,7,Bright sun. Calm surface. No local wind. Small east swell. EXCELLENT conditions.
LTP,2011-11-08 11:33,21.0,21.5,20.5,6,Bright sun. No clouds. Light wind. Small surface ripple. VERY GOOD conditions.
LTP,2011-11-16 11:52,22.25,23.0,21.5,6,Bright sun. No clouds. Light SE wind causing small waves. VERY GOOD conditions.
LTP,2011-12-14 12:38,21.5,22.0,21.0,7,Bright sun. No clouds. Light wind. Small surface ripple. EXCELLENT conditions.
LTP,2011-12-27 12:10,23.0,23.5,22.5,7,Calm surface. Bright sun. No clouds. EXCELLENT conditions.
LTP,2012-01-06 12:12,24.5,25.0,24.0,6,Bright sun. No clouds around sun. Light breeze. Small surface ripple. VERY GOOD conditions.
LTP,2012-01-25 12:07,28.0,28.5,27.5,7,"Bright sun with high, thin clouds. Flat, calm surface. EXCELLENT conditions."
LTP,2012-01-31 12:15,27.0,27.5,26.5,7,"Bright sun. High, thin clouds. Flat, calm surface. EXCELLENT conditions."
LTP,2012-02-09 11:25,27.5,28.0,27.0,7,"Bright sun. No clouds. Flat, calm surface. EXELLENT conditions."
LTP,2012-03-02 11:45,32.75,33.5,32.0,6,"Bright sun. Few, high, thin clouds. Light breeze. Very small surface ripple. VERY GOOD conditions. Secchi reading preceded by several days of stormy weather and some big winds (possible upwelling)."
LTP,2012-03-21 11:16,29.5,30.0,29.0,5,Bright sun. Passing cumulus clouds. South wind to 10 mph. Small surface waves. GOOD conditions.
LTP,2012-04-06 11:47,28.0,28.5,27.5,6,Bright sun. Light wind. Small surface waves. VERY GOOD conditions.
LTP,2012-04-23 11:35,21.5,22.0,21.0,6,Partly cloudy. Calm surface. VERY GOOD conditions.
LTP,2012-05-11 11:48,22.5,23.0,22.0,7,"Bright sun. No clouds. Flat, calm surface. EXCELLENT conditions. The water was very clear for spring; peak runoff has already happened and the Secchi depth was very good."
LTP,2012-06-01 11:52,20.5,21.0,20.0,7,Bright sun. Few cumulus clouds over mountains. Calm winds. EXCELLENT conditions.
LTP,2012-06-12 11:11,18.5,19.0,18.0,7,Bright sun. No clouds. Calm surface. No wind. EXCELLENT conditions. Lowest Secchi depth (higher productivity) of the year. Seems like a big change in the nearshore in the past month.
LTP,2012-07-13 12:05,17.5,18.0,17.0,3,Waves to 0.5 ft. SW wind @15 mph. Sunny. No clouds. FAIR conditions.
LTP,2012-07-26 12:28,17.5,18.0,17.0,6,Sunny. No clouds. Light wind. Small surface ripple and boat wakes. VERY GOOD conditions.
LTP,2012-08-08 12:40,18.5,19.0,18.0,6,West wind @10 mph. Boat wakes. Bright sun. No clouds. VERY GOOD conditions.
LTP,2012-08-14 11:30,21.5,22.0,21.0,7,"Bright sun. Haze over the lake. No wind. Flat, calm surface. EXCELLENT conditions."
LTP,2012-09-07 11:58,21.75,22.0,21.5,7,Bright sun. Few clouds. Calm surface with small ripples. EXCELLENT conditions.
LTP,2012-09-27 11:10,22.0,22.5,21.5,7,"Bright sun. Clear sky. Calm winds. Flat, calm surface. EXCELLENT conditions."
LTP,2012-10-10 12:17,21.25,21.5,21.0,7,Bright sun. Few patchy clouds. Light wind. Calm surface. EXCELLENT conditions.
LTP,2012-11-05 12:05,23.5,24.0,23.0,7,"Bright sun. No clouds. Flat, calm surface. EXCELLENT conditions. Beautiful day and clear water."
LTP,2012-11-26 11:34,21.0,21.5,20.5,7,"Bright sun. No clouds. No wind. Flat, calm surface. EXCELLENT conditions."
LTP,2012-12-19 12:33,20.0,20.5,19.5,6,Bright sun behind thin cloud layer. Calm surface. VERY GOOD conditions.
LTP,2013-01-03 12:07,23.5,24.0,23.0,7,"Bright sun. No clouds. Calm wind. Flat, calm surface. EXCELLENT conditions."
LTP,2013-01-18 11:53,24.5,25.0,24.0,7,"Bright sun. No clouds. No wind. Flat, calm surface. EXCELLENt conditions."
LTP,2013-02-01 11:43,24.5,25.0,24.0,7,"Bright sun. No clouds. No wind. Flat, calm surface. EXCELLENT conditions."
LTP,2013-03-04 12:02,24.5,25.0,24.0,6,Bright sun. No clouds. Some haze. Light winds with surface ripple. VERY GOOD conditions.
LTP,2013-03-25 12:20,27.5,28.0,27.0,7,"Bright sun. High, thin clouds. Calm winds. Flat, calm surface. EXCELLENT conditions."
LTP,2013-04-03 11:54,20.0,20.5,19.5,7,Bright sun. Few clouds. Light wind. Calm surface. EXCELLENT conditions.
LTP,2013-04-25 12:00,18.0,18.5,17.5,7,"Bright sun. No clouds. No wind. Flat, calm surface. EXCELLENT conditions."
LTP,2013-05-17 11:30,16.5,17.0,16.0,3,Mostly cloudy. Breezy with 0.5-ft waves. FAIR conditions.
LTP,2013-06-05 12:03,18.0,18.5,17.5,7,"Bright sun. No clouds. No wind. Flat, calm surface. EXCELLENT conditions."
LTP,2013-06-27 12:21,19.5,20.0,19.0,6,Light wind. Bright sun. No clouds. Boat wakes. VERY GOOD conditions.
LTP,2013-07-10 12:10,18.0,18.5,17.5,5,Bright sun. Few clouds. Wind 5-10 mph. Surface waves to 0.5 ft. GOOD conditions.
LTP,2013-07-12 12:05,15.0,16.0,14.0,3,Bright sun. Winds @5 mph. Boat wakes. Waves to 0.5 ft. Lots of surface glare. FAIR conditions.
LTP,2013-07-25 11:34,18.5,19.0,18.0,6,Sun behind thin clouds. No wind. Boat wakes. VERY GOOD conditions.
LTP,2013-08-05 11:40,19.25,19.5,19.0,6,Bright sun. No clouds. No wind. Boat wakes. VERY GOOD conditions.
LTP,2013-08-21 11:35,22.0,22.5,21.5,7,Bright sun. Thunderstorms building. Calm wind. EXCELLENT conditions.
LTP,2013-09-04 12:02,20.5,21.0,20.0,5,Cloud cover. Wind @5-10 mph. Waves 0.5 ft. GOOD conditions.
LTP,2013-09-09 11:47,22.75,23.5,22.0,0,Calm. Sunny. Clear skies except for slight smokey haze over the mountains.
LTP,2013-09-12 11:34,20.0,20.5,19.5,0,Partly cloudy. Sunny overhead. Small surface waves. No wind.
LTP,2013-10-16 12:02,21.5,22.0,21.0,6,"Sun behind few high, thin clouds. Light wind. Small waves. VERY GOOD conditions."
LTP,2013-10-21 12:28,22.0,22.5,21.5,7,"Bright sun. No clouds. Flat, calm surface. EXCELLENT conditions."
LTP,2013-11-20 12:07,24.0,24.5,23.5,5,Cloud cover 100%. Rain showers. Light wind. Small surface ripple. GOOD conditions.
LTP,2013-11-25 11:49,22.0,22.5,21.5,6,Bright sun. No clouds. Light wind. Small surface ripple. VERY GOOD conditions.
LTP,2013-12-17 12:05,25.0,25.5,24.5,6,"Cloud cover 100%. No wind. Flat, calm surface. VERY GOOD conditions."
LTP,2013-12-18 11:09,22.5,23.0,22.0,5,Partly cloudy. Light wind. Small waves. GOOD conditions.
LTP,2014-01-02 12:30,24.5,25.0,24.0,7,"Bright sun. No cloud cover. Calm wind. Flat, calm surface. EXCELLENT conditions."
LTP,2014-01-08 11:45,21.5,22.0,21.0,3,Full cloud cover. West wind @10-15 mph. Waves to 0.5 ft. FAIR conditions.
LTP,2014-01-13 12:34,24.0,24.5,23.5,0,"Bright sun. No clouds. No wind. Flat, calm surface."
LTP,2014-01-24 11:48,23.0,23.5,22.5,5,"Smooth, east swell to 0.5 ft. Partly cloudy. GOOD conditions."
LTP,2014-02-05 11:15,23.75,24.5,23.0,6,Small waves. Light breeze. Bright sun. No clouds. VERY GOOD conditions.
LTP,2014-02-11 12:09,26.0,26.5,25.5,7,"Bright sun. Few, thin clouds. Calm wind. No waves. EXCELLENT conditions."
LTP,2014-02-24 12:06,27.25,28.0,26.5,7,"Bright sun. No clouds. No wind. Flat, calm surface. EXCELLENT conditions."
LTP,2014-03-05 11:56,23.5,24.0,23.0,5,Mostly cloudy. Some sun. Light wind. Small waves. GOOD conditions.
LTP,2014-03-20 12:55,24.0,25.0,23.0,5,Sun behind thin clouds. Light wind turning boat toward the sun. Waves to 0.5 ft. GOOD conditions.
LTP,2014-04-10 12:10,25.5,26.0,25.0,7,"Bright sun. No clouds. Calm wind. Flat, calm surface. EXCELLENT conditions."
LTP,2014-04-23 12:28,28.0,28.5,27.5,7,Bright sun. No clouds. Calm wind. No waves. EXCELLENT conditions.
LTP,2014-05-01 12:02,28.0,28.5,27.5,7,"Bright sun. Few, high, thin clouds. Calm wind. No waves. EXCELLENT conditions."
LTP,2014-05-20 11:02,21.5,22.0,21.0,3,Overcast with snow and rain. SE swell to 1 ft. Wind @5 mph. FAIR conditions.
LTP,2014-06-10 12:18,28.0,28.5,27.5,7,"Bright sun. No clouds. Calm wind. Flat, calm surface. EXCELLENT conditions."
LTP,2014-07-07 12:13,28.5,29.0,28.0,5,Partly cloudy overhead. No waves. GOOD conditions.
LTP,2014-07-15 11:21,28.0,28.5,27.5,6,Mostly cloudy. Calm winds. Boat wakes. VERY GOOD conditions.
LTP,2014-08-04 11:58,18.5,19.0,18.0,3,"Cloudy with rain, north wind @5-10 mph, waves 0.5 ft. FAIR conditions."
LTP,2014-08-18 12:10,19.75,20.5,19.0,5,Bright sun. No clouds. Light wind. Boat wakes and waves to 0.5 ft. GOOD conditions.
LTP,2014-09-05 11:29,22.5,23.0,22.0,6,Bright sun. No clouds. Calm wind. Calm surface with smooth 0.5' swell. VERY GOOD conditions.
LTP,2014-09-16 12:20,17.5,18.0,17.0,3,Bright sun. No clouds. Wind @10 mph. Waves to 1.0 ft. FAIR conditions.
LTP,2014-09-22 11:21,20.5,21.0,20.0,7,Bright sun with heavy smoke over the lake. Calm wind. No waves. EXCELLENT conditions.
LTP,2014-09-30 10:52,18.25,18.5,18.0,6,Small surface waves. Light clouds. VERY GOOD conditions.
LTP,2014-10-07 11:07,18.75,19.0,18.5,7,No waves. Sunny. Clear skies. EXCELLENT conditions.
LTP,2014-10-16 12:35,19.5,20.0,19.0,6,Bright sun behind thin cloud cover. Light winds. Waves to 0.5 ft. VERY GOOD conditions.
LTP,2014-11-03 12:02,23.75,24.5,23.0,7,Bright sun. No cloud cover. Calm wind. Calm surface. Excellent conditions.
LTP,2014-11-25 12:12,24.5,25.0,24.0,0,[no comments recorded]
LTP,2014-12-08 12:10,24.5,25.0,24.0,7,"Full cloud cover. Calm wind. Flat, calm surface. EXCELLENT conditions."
LTP,2014-12-18 12:17,23.0,23.5,22.5,6,Sun behind cloudy sky. Calm wind. No waves. VERY GOOD conditions.
LTP,2015-01-06 12:00,22.125,22.5,21.75,7,"Bright sun. No cloud cover. Calm wind. Flat, calm surface. EXCELLENT conditions."
LTP,2015-01-22 11:37,21.5,22.0,21.0,6,"Full cloud cover. Calm winds. Flat, calm surface. VERY GOOD conditions."
LTP,2015-02-03 12:20,18.25,19.0,17.5,3,Partly cloudy. Windy (15 mph). Tried twice between wind gusts; the first time under POOR conditions so the value was discarded. Waves 0.5-1 ft. FAIR conditions.
LTP,2015-02-12 12:10,24.0,24.5,23.5,7,"Sun behind thin clouds. Calm wind. Flat, calm surface. EXCELLENT conditions."
LTP,2015-03-10 12:07,21.0,21.5,20.5,7,"Sun behind cloud cover. Calm wind. Flat, calm surface. EXCELLENT conditions."
LTP,2015-03-24 11:40,18.5,19.0,18.0,3,Cloudy and breezy. Waves to 0.5 ft. Lots of surface glare. FAIR conditions.
LTP,2015-04-03 12:00,22.75,23.0,22.5,7,"Bright sun. No clouds. Calm wind. Flat, calm surface. EXCELLENT conditions."
LTP,2015-04-22 12:39,26.375,26.75,26.0,7,"Bright sun. Calm wind. Flat, calm surface. EXCELLENT conditions."
LTP,2015-05-04 11:44,23.5,24.0,23.0,7,"Bright sun. Few, thin clouds. Calm wind. Flat, calm surface. EXCELLENT conditions."
LTP,2015-05-28 12:54,22.0,22.5,21.5,7,Thin cloud cover. Calm wind. No waves. EXCELLENT conditions.
LTP,2015-06-11 12:15,23.0,23.5,22.5,7,Bright sun. No cloud cover. No wind. Flat calm surface. EXCELLENT conditions.
LTP,2015-06-17 11:57,21.25,22.0,20.5,6,Sun behind cloud layer. Calm wind. Flat surface with some small boat wakes. Lots of pine pollen on the lake surface. VERY GOOD conditions.
LTP,2015-06-29 12:30,22.5,23.0,22.0,6,Sun behind cloud layer. Calm wind. Boat wakes. VERY GOOD conditions.
LTP,2015-07-16 12:20,20.5,21.0,20.0,6,Bright sun. No cloud cover. Light wind. Small waves and boat wakes. VERY GOOD conditions.
LTP,2015-08-07 13:02,21.625,22.0,21.25,5,Cloudy sky. No sun. Light winds. GOOD conditions.
LTP,2015-08-17 12:20,21.75,22.0,21.5,6,"Bright sun. Few, thin clouds. Light winds. Boat wakes. VERY GOOD conditions."
LTP,2015-09-09 12:47,25.75,26.25,25.25,7,Bright sun. No cloud cover. Haze. Light wind. Calm surface. EXCELLENT conditions.
LTP,2015-09-25 12:14,22.25,22.5,22.0,5,Sun in and out of clouds. Light winds. Small waves. GOOD conditions.
LTP,2015-09-28 12:03,18.5,19.0,18.0,5,Mostly cloudy. Light wind. Small waves creating lots of glare. GOOD conditions.
LTP,2015-10-06 13:33,23.0,23.5,22.5,6,"Sun behind thin cloud layer. Calm wind. Flat, calm surface. VERY GOOD conditions."
LTP,2015-10-14 12:27,23.5,24.0,23.0,7,"Sun behind thin cloud cover. Calm wind. Flat, calm surface. EXCELLENT conditions."
LTP,2015-10-22 12:58,22.25,22.5,22.0,7,Bright sun. No clouds. Calm wind. EXCELLENT conditions.
LTP,2015-11-11 12:28,24.0,24.5,23.5,7,"Sunny, clear skies. EXCELLENT conditions."
LTP,2015-11-23 10:50,20.125,20.5,19.75,5,Bright sun. Wind @10 mph with waves to 0.5 ft. GOOD conditions.
LTP,2015-11-30 12:32,20.5,21.0,20.0,6,"Sun behind clouds. Calm wind. Flat, calm surface. VERY GOOD conditions."
LTP,2015-12-17 12:20,21.5,22.0,21.0,6,Sun behind thick cloud layer. Winds @5+ mph. Small waves. GOOD conditions.
LTP,2016-01-04 12:14,25.5,26.0,25.0,6,"Some sun, mostly cloudy, light snow, light wind, small surface ripple. Very good conditions"
LTP,2016-01-21 13:02,27.5,28.0,27.0,7,"Bright sun, no cloud cover, very light winds, calm surface, excellent conditions"
LTP,2016-01-25 12:34,29.0,29.5,28.5,7,"Bright sun, no cloud cover, calm wind, flat calm surface, excellent conditions"
LTP,2016-02-04 12:30,27.25,27.75,26.75,7,"Sun with few thin clouds, calm wind, flat calm surface, excellent conditions"
LTP,2016-02-11 12:10,25.0,25.5,24.5,7,"Bright sun behind thin cloud layer. Calm wind, flat calm surface, excellent conditions."
LTP,2016-02-24 12:25,27.0,27.5,26.5,6,"Bright sund. Few thin clouds. Light winds. Small waves, very good conditions."
LTP,2016-03-16 12:23,28.75,29.0,28.5,7,"Bright sun, No clouds, calm wind, flat calm surface. Excellent conditions"
LTP,2016-04-05 12:38,17.625,18.0,17.25,7,"Bright sun. No cloud cover, calm wind. Flat calm surface. Excellent conditions."
LTP,2016-04-18 12:12,26.0,26.5,25.5,7,"Bright sun, few thin clouds, calm wind, flat calm surface, excellent conditions."
LTP,2016-04-27 11:40,19.0,20.0,18.0,3,"Fair conditions. Breezy, cloudy, waves to 0.5feet"
LTP,2016-05-09 12:49,18.25,18.75,17.75,3,"Bright sun, no clouds, wind 10mph. waves 0.5ft. fair conditions."
LTP,2016-05-12 12:00,19.0,19.5,18.5,7,"Bright sun, few thin clouds, calm wind. flat calm surface. excellent conditions."
LTP,2016-05-24 11:30,17.5,18.0,17.0,5,"Bright sun, storm clouds all around. light winds, small waves. good conditions."
LTP,2016-06-07 12:15,13.5,14.0,13.0,6,"Bright sun, no clouds, light winds, small waves. very good conditions"
LTP,2016-06-24 12:40,15.5,16.0,15.0,3,"Bright sun, no clouds cover. winds 10mph waves 0.5ft. fair conditions."
LTP,2016-07-25 12:10,16.0,16.25,15.75,6,"Bright sun, smoky sky, no clouds, calm wind, boat wakes, very good conditions"
LTP,2016-08-01 11:56,14.0,14.5,13.5,5,"Bright sun, smoky haze light winds, boat wakes, good conditions"
LTP,2016-08-12 11:57,18.5,19.0,18.0,6,"Bright sun, no cloud cover, light wind, numerous boat wakes. Very good conditions"
LTP,2016-08-23 12:17,20.0,20.5,19.5,3,"Fair conditions, breezy, waves 0.5ft, bright sun, no cloud cover."
LTP,2016-09-15 12:45,19.375,19.75,19.0,6,"Bright sun, no clouds, light winds, small waves. Very good conditions"
LTP,2016-09-26 12:03,21.75,22.0,21.5,7,"Bright sun, no cloud cover, calm wind. Flat calm surface. excellent conditions."
LTP,2016-10-06 12:40,22.5,23.0,22.0,7,"Bright sun, calm wind, no cloud cover,. Excellent conditions."
LTP,2016-10-21 12:05,21.5,22.0,21.0,6,"Bright sun, no cloud cover light winds, small waves. Very good conditions."
LTP,2016-10-28 11:58,20.0,20.5,19.5,5,"Heavy rain, 100% cloud cover, no sun, calm wind, good viewing conditions"
LTP,2016-11-08 12:41,23.75,24.0,23.5,7,"Bright sun, no cloud cover, calm winds, flat calm surface, excellent conditions"
LTP,2016-11-22 11:48,22.5,23.0,22.0,6,"Sun behind cloud layer, light wind, small waves, very good conditions"
LTP,2016-12-05 12:10,21.25,21.5,21.0,7,"Excellent, no waves, overcast skies"
LTP,2016-12-22 12:07,20.5,21.0,20.0,7,"bright sun, no cloud cover, calm wind, flat calm surface, excellent conditions."
LTP,2017-01-17 12:42,27.5,28.0,27.0,6,"Sun behind cloud layer, calm wind, flat calm surface. Excellent conditions"
LTP,2017-01-30 12:02,23.0,23.5,22.5,6,"Full cloud cover, inversion over lake, calm wind, flat calm surface. Very good conditions."
LTP,2017-02-14 12:32,27.25,28.0,26.5,7,"Bright sun, no cloud cover, calm wind. Flat calm surface. Excellent conditions."
LTP,2017-02-23 12:52,28.0,28.5,27.5,6,"Bright sun with fast moving clouds, light winds. Small waves, very good conditions."
LTP,2017-03-09 11:56,27.5,28.0,27.0,7,"Bright sun behind. Thin cloud layer, calm winds. Flat calm surface. Excellent conditions."
LTP,2017-03-23 12:44,19.0,19.5,18.5,7,"Bright sun, no cloud cover, calm wind, excellent conditions."
LTP,2017-04-05 11:21,18.5,19.0,18.0,7,"Bright sun, no cloud cover, light wind, calm surface. Excellent conditions."
LTP,2017-04-21 11:23,18.5,19.0,18.0,7,"Bright sun, no cloud cover, no wind, flat calm surface. Excellent Conditions."
LTP,2017-05-09 12:00,15.75,16.5,15.0,7,"Bright sun, thin clouds, calm wind, flat calm surface, excellent conditions."
LTP,2017-05-30 12:04,16.0,16.5,15.5,7,"Bright sun, no cloud cover, no wind, flat calm surface. Excellent conditions."
LTP,2017-06-07 11:34,15.0,15.5,14.5,5,"Bright sun, thin cloud, layer, light wind, small waves ~0.5ft, good conditions."
LTP,2017-06-20 11:00,15.5,16.0,15.0,6,"Bright sun, no cloud cover, calm winds, boat wakes, very good conditions."
LTP,2017-07-25 12:12,16.625,17.0,16.25,5,Bright sun between growing thunder heads. Light wind. Boat Wakes. Good conditions
LTP,2017-08-01 13:13,17.0,17.5,16.5,6,"Bright sun, no cloud cover, calm winds, waves to 1ft due to boat wakes. Very good conditions."
LTP,2017-08-17 12:29,17.5,18.0,17.0,6,"Bright sun, no cloud cover, calm winds, boat wakes. Very good conditions."
LTP,2017-08-23 11:59,17.0,17.5,16.5,7,"Bright sun, no cloud cover during reading. Calm surface, excellent conditions."
LTP,2017-08-31 13:00,16.0,16.5,15.5,5,"Bright sun, no cloud cover, light winds, waves to 0.5 Feet. Good conditions."
LTP,2017-09-08 12:50,17.0,17.5,16.5,6,"Bright sun, calm winds, boat wakes, very good conditions"
LTP,2017-09-27 13:10,16.25,16.5,16.0,6,"bright sun, no clouds. light wind. east swell. very good conditions"
LTP,2017-10-05 12:10,14.75,15.0,14.5,7,"Bright sun, no cloud cover, calm winds. Excellent conditions."
LTP,2017-10-12 12:02,14.875,15.25,14.5,6,Bright sun with some smoke haze. light winds. very good conditions.
LTP,2017-10-27 12:18,15.25,15.5,15.0,6,"Bright sun, no cloud cover, calm winds, flat calm surface. Excellent conditions"
LTP,2017-11-21 12:08,16.25,16.5,16.0,7,"Excellent, no wind, partly cloudy, flat calm condition."
LTP,2017-11-28 12:29,17.0,17.5,16.5,7,"Bright sun low in sky, no cloud cover, calm wind, flat calm surface. Excellent conditions"
LTP,2017-12-12 12:04,16.0,16.5,15.5,7,"sunny, clear skies, no wind, excellent conditions."
LTP,2017-12-19 12:10,14.5,15.0,14.0,3,"Sun behind, high, think clouds, breezy, waves 0.5ft Fair conditions."
LTP,2018-01-03 11:57,16.5,17.0,16.0,7,"Cloudy, calm wind, bright enough for shadows. Flat Calm surface, excellent conditions."
LTP,2018-01-12 12:17,20.0,20.5,19.5,7,"Bright sun, no wind, flat calm surface, excellent conditions."
LTP,2018-01-22 13:00,17.5,18.0,17.0,5,"Sun behind heavy clouds, light winds, small waves, good conditions"
LTP,2018-02-01 11:56,20.0,20.5,19.5,7,"Bright sun, thin cloud layer, calm wind, flat calm surface, excellent conditions."
LTP,2018-02-21 12:46,29.5,30.0,29.0,5,"Bright sun, light wind, waves to 0.5ft. Good conditions"
LTP,2018-03-06 12:17,30.5,31.0,30.0,7,"Bright sun, no cloud cover, calm wind, flat calm surface, excellent conditions"
LTP,2018-04-13 12:24,28.0,28.5,27.5,7,"Bright sun, no cloud cover, light winds, excellent conditions"
LTP,2018-04-24 12:21,21.0,21.5,20.5,7,"excellent conditions. bright sun, mostly clear skies, no wind or waves"
LTP,2018-05-17 12:15,15.5,16.0,15.0,7,"Cloudy, light winds, calm surface. excellent conditions"
LTP,2018-05-24 11:14,18.0,18.5,17.5,7,"Flat calm, bright sun, excellent conditions"
LTP,2018-06-07 13:03,19.0,18.5,19.5,5,"Bright sun, no cloud cover, breezy with waves to 0.5ft, good conditions"
LTP,2018-06-19 11:51,20.0,20.5,19.5,5,"Good conditions, small surface waves from boat wakes"
LTP,2018-06-29 11:59,18.5,19.0,18.0,5,"Good conditions, small surface waves, bright sun"
LTP,2018-07-12 11:22,18.0,18.5,17.5,7,"Bright sun, no cloud cover, calm winds, excellent conditions"
LTP,2018-07-18 11:50,16.5,17.0,16.0,6,"Bright sun with heavy smoke haze, calm wind, boat wakes, very good conditions"
LTP,2018-07-27 11:55,15.25,15.5,15.0,6,"Bright sun, no clouds, heavy smoke haze, boat wakes, very good conditions."
LTP,2018-08-08 12:00,18.0,18.5,17.5,5,"Brigh sun and heavy smoke, calm wind, boat wakes, good conditions"
LTP,2018-08-15 12:05,17.5,18.0,17.0,6,"Bright sun, smokey haze, calm wind, boat wakes, lots of reflection. Very good conditions"
LTP,2018-08-29 12:08,18.5,19.0,18.0,6,"Bright sun, light winds, boat wakes. Very good conditions."
LTP,2018-09-21 11:50,22.5,23.0,22.0,7,"Bright sun, no clouds, calm winds, excellent conditions."
LTP,2018-09-26 11:58,22.5,23.0,22.0,7,"Bright sun, no cloud cover, calm winds. Excellent conditions"
LTP,2018-10-05 12:14,23.0,23.5,22.5,6,"Bright sun, very think cloud cover, light wind, small waves. Very good conditions"
LTP,2018-10-18 12:09,25.75,26.25,25.25,7,"Bright sun, no clouds, calm wind, flat calm surface. Excellent conditions"
LTP,2018-11-05 12:02,24.0,24.5,23.5,7,"Bright sun, no cloud cover, calm wind, flat calm surface. Excellent conditions"
LTP,2018-11-14 11:22,22.0,22.5,21.5,7,"Bright sun, thin cloud layer, calm wind, flat calm surface. Excellent conditions"
LTP,2018-12-13 12:08,21.0,21.5,20.5,7,"Bright sun, no cloud cover, calm wind, flat calm surface. Excellent condtions"
LTP,2019-01-03 12:02,21.0,21.5,20.5,7,"Sun behind thin clouds, calm wind, flat calm surface"
LTP,2019-01-24 12:08,26.5,27.0,26.0,6,"Bright sun, no cloud cover calm wind, east swell to 1 foot. Very good conditions."
LTP,2019-01-28 12:35,24.0,24.5,23.5,6,"Cloudy, calm wind, flat calm surface, very good conditions"
LTP,2019-02-19 12:38,34.0,33.5,34.5,7,"Sunny with no cloud cover, small swell, calm winds, excellent conditions."
LTP,2019-03-19 12:45,23.0,23.5,22.5,6,"Cloud cover, calm wind, flat calm surface. Very good conditions."
LTP,2019-04-01 11:36,16.0,16.5,15.5,6,"Full cloud cover, calm wind, flat calm surface, Very Good conditions"
LTP,2019-04-11 12:16,18.5,19.0,18.0,5,"Cloudy, light wind, surface glare, good conditions."
LTP,2019-04-24 00:00,20.5,21.0,20.0,7,"Bright sun, no clouds, calm wind, flat calm surface, excellent condtions"
LTP,2019-05-08 00:00,11.0,11.5,10.5,7,"Bright sun, no cloud cover, calm wind, flat calm surface, excellent condtions"
LTP,2019-06-05 00:00,13.75,14.0,13.5,5,"Bright sun, few thin clouds, breezy, surface waves to 0.5', good conditions"
LTP,2019-07-10 00:00,13.5,14.0,13.0,7,"Bright sun, no cloud cover, light winds. Excellent conditions."
LTP,2019-07-16 00:00,14.5,15.0,14.0,6,"Bright sun, no cloud cover, 5mph breeze, surface waves to 0.5ft. Very good conditions."
LTP,2019-08-02 12:43,15.0,15.5,14.5,7,"Sunny, no cloud cover, light winds, boat wakes, excellent condtions"
LTP,2019-08-06 11:50,15.0,15.5,14.5,6,"Bright sun, no cloud cover, calm winds, boat wakes, very good conditions"
LTP,2019-08-15 12:36,18.0,18.5,17.5,5,"Sunny, clear skies, calm winds, calm surface condtions, Good conditions"
LTP,2019-09-11 12:06,18.5,19.0,18.0,7,"Bright sun, no cloud cover, calm winds, excellent conditions."
LTP,2019-09-17 11:51,20.5,21.0,20.0,7,"Sunny clear skies, no wind or boat wakes, excellent conditions."
LTP,2019-10-07 12:40,21.0,21.5,20.5,0,"Bright sun behind thin cloud layer, calm wind, flat calm surface."
LTP,2019-10-18 13:15,17.0,17.5,16.5,5,"Light wind, waves to 0.5ft, bright sun, Good conditions.1"
LTP,2019-10-28 12:19,17.5,18.0,17.0,6,"Bright sun, no cloud cover, light wind, small ripple on surface, very good conditions."
LTP,2019-11-07 12:40,18.5,19.0,18.0,7,"Bright sun, no cloud cover, calm wind, flat calm surface , excellent conditions."
LTP,2019-11-18 11:57,19.25,19.5,19.0,7,"Bright sun, no cloud cover, calm wind, flat calm surface, excellent conditions."
LTP,2019-12-05 12:26,18.75,19.0,18.5,6,"Sun behind clouds, calm wind, flat calm surface, very good conditions."
LTP,2019-12-16 12:17,18.5,19.0,18.0,5,"Bright sun, no cloud cover, light wind, swell to 0.5ft, Good conditions."
LTP,2020-01-02 12:04,19.0,19.5,18.5,6,"Sun behind think cloud layer, calm wind, flat calm surface, very good conditions."
LTP,2020-01-23 12:07,20.5,21.0,20.0,6,"Sun behind heavy fog, bright enough for shadows. Flat calm surface, very ggod conditions."
LTP,2020-02-12 13:20,24.75,25.0,24.5,7,"Bright sun, no cloud cover, calm wind, flat calm surface. Excellent conditions."
LTP,2020-02-19 12:24,21.62,22.0,21.25,6,"Bright sun, no cloud cover, light wind, east swell to 0.5ft. Very good conditions."
LTP,2020-02-28 11:55,15.75,16.0,15.5,5,"Sun behind clouds, bright enough for shadwos, calm wind, flat calm surface. Good conditions."
LTP,2020-04-14 11:55,21.25,21.5,21.0,7,"Bright sun, no clouds, calm wind. Excellent Condition"
LTP,2020-04-28 11:32,16.0,16.25,15.75,7,"Bright sun, calm wind, no clouds, flat calm surface. Excellent Condition."
LTP,2020-05-15 12:04,15.5,16.0,15.0,7,"Bright sun, no clouds, flat calm surface. Excellent conditions0"
LTP,2020-05-26 12:00,16.0,16.5,15.5,7,"Bright sun, no cloud, cover, calm wind, flat calm surface."
LTP,2020-06-09 12:05,16.62,17.0,16.25,7,"Bright sun, no cloud cover, calm wind, flat calm surface. Excellent condition"
LTP,2020-06-19 12:28,17.25,17.5,17.0,6,"Sunny, clear, calm wind, small surface waves, good conditions (Shohei: I translate Good condition by BB as very good condition)"
LTP,2020-06-23 11:57,16.0,16.5,15.5,6,"Bright sun, no cloud cover, calm wind, flat calm surface, with some boat wakes, very good conditions."
LTP,2020-07-08 11:45,16.75,17.25,16.25,5,"Bright sun, no cloud cover, lgith winds, lots of boat wakes, good conditions."
LTP,2020-07-17 12:33,18.62,19.0,18.25,6,"Bright sun, no cloud cover, calm wind boat wakes, very good conditions"
LTP,2020-07-28 11:52,17.38,17.75,17.0,6,"Bright sun, no cloud cover, calm wind, boat wakes, very good conditions."
LTP,2020-08-10 12:45,19.0,19.5,18.5,6,"Bright sun, no cloud cover, calm wind, boat wakes, very good conditions."
LTP,2020-08-25 11:42,18.5,19.0,18.0,5,"Sun in and out of clouds, light winds, waves to 0.5ft. Good conditions"
LTP,2020-09-04 11:56,18.5,19.0,18.0,5,"Sunny, smoke/hazy, calm wind. Small surface waves good conditions."
LTP,2020-09-21 12:03,20.25,20.75,19.75,6,"Bright sun, heavy smoke, calm wind, flat calm surface. Very good conditions."
LTP,2020-09-30 11:57,18.5,19.0,18.0,5,"Smokey sky, calm wind, flat calm surface. Good conditions."
LTP,2020-10-15 12:13,22.5,23.0,22.0,3,"Bright sun, no cloud cover, light wind, swell to 2. Fair conditions."
LTP,2020-10-20 11:54,21.25,21.5,21.0,6,"Bright sun, no clouds, light wind, small waves. Very good conditions."
LTP,2020-11-02 12:05,23.5,24.0,23.0,5,"Clear sky, sunny, no wind, calm surface, Good conditions"
LTP,2020-11-16 12:09,22.5,23.0,22.0,7,"Bright sun, no cloud cover, calm wind. Excellent conditions."
LTP,2020-12-01 12:30,20.75,21.0,20.5,5,"Bright sun, no cloud cover, swell to 1ft, light wind. Good conditions"
LTP,2020-12-08 12:03,19.5,20.0,19.0,6,"Bright sun, no cloud cover, light winds, surface ripple. Very good conditions."
LTP,2020-12-21 11:37,19.75,20.0,19.5,7,"Bright sun, no cloud cover, calm wind, flat calm surface. Excellent conditions."
LTP,2021-01-05 12:10,24.0,24.5,23.5,7,"Bright sun, no cloud cover, calm wind, flat calm surface. Excellent conditions."
LTP,2021-01-20 12:27,18.25,18.5,18.0,3,"Bright sun, no cloud cover, light wind, surface waves + Glare. Fair conditions"
LTP,2021-02-12 12:35,24.25,24.5,24.0,7,"Bright sun, no cloud cover, calm wind, flat calm surface, Excellent conditions."
LTP,2021-03-02 12:03,23.5,24.0,23.0,7,"Bright sun, thin cloud layer, calm wind, flat calm surface, excellent condtions"
LTP,2021-04-02 12:25,22.5,22.0,23.0,7,"Bright sun, no cloud cover, calm wind, flat calm surface, excellent conditions."
LTP,2021-04-14 12:20,16.5,17.0,16.0,3,"few cloud cover, no sun, waves to 1.0ft, fair conditions."
LTP,2021-04-29 11:51,17.5,18.0,17.0,7,"Bright sun, thin cloud layer, calm wind, flat calm surface, excellent condtions"
LTP,2021-05-18 11:24,16.0,16.5,15.5,5,"Sunny and clear, breezy, south wind 10-15mph, waves to 1ft. Note by Shohei Watanabe. The viewing condition was not recored. I assumed it as 5 Good."
LTP,2021-05-26 12:04,14.0,14.5,13.5,7,"Partly cloudy, calm wind, flat calm surface, excellent conditiosn."
LTP,2021-06-16 12:17,18.0,18.5,17.5,6,"Thin cloud layor, light wind, boat wakes, very good conditions."
LTP,2021-07-14 12:10,15.5,16.5,14.5,3,"Bright sun, no clouds, boat wakes, wind waves to 0.5ft, fair conditions"
LTP,2021-08-20 13:05,20.0,20.5,19.5,5,"Bright sun, no clouds, heavy smoke haze, light wind, boat wakes, good conditions"
LTP,2021-08-23 12:45,15.5,16.0,15.0,5,"Heavy smoke over lake. Visibility _0.25miles, breeze to 10mph, good conditions."
LTP,2021-08-25 12:17,16.0,16.5,15.5,5,"Heavy smoke, light wind, small waves, ash on surface. Good conditions."
LTP,2021-08-27 12:50,15.25,15.5,15.0,6,"Smoke, nought sun to produce a shadow, calm wind, flat calm surface, very good conditions."
LTP,2021-09-02 12:53,15.5,16.0,15.0,5,"Sunny, hazy skies, variable winds _ 5-10mph, good conditions"
LTP,2021-09-21 12:41,14.7,15.0,14.4,7,"Smoke haze, bright sun, no cloud cover, calm wind. Flat calm surface. Excellent conditions."
LTP,2021-09-24 12:06,17.5,18.0,17.0,7,"Bright sun, smoke haze, calm wind, excellent conditions"
LTP,2021-10-29 12:00,16.0,16.5,15.5,7,"Bright sun, fog burned off, calm wind, flat calm surface. Excellent conditions."
LTP,2021-11-29 12:20,17.0,17.5,16.5,7,"Bright sun, no wind, no cloud cover, flat calm surface ,excellent conditions."
LTP,2021-12-10 12:28,16.5,17.0,16.0,6,"Bright sun, no cloud cover, calm wind, 1.0ft east swell. Very good conditions"
LTP,2021-12-17 12:10,17.5,18.0,17.0,7,"Bright sun, no clouds cover, calm wind, flat calm surface. Excellent Conditions"
LTP,2022-01-05 12:24,42.0,42.5,41.5,7,"Bright sun, very light wind, small ripple on surface. Excellent conditions."
LTP,2022-01-10 12:09,22.5,23.0,22.0,6,"Brigth sun, no cloud cover, light wind, surface ripples. Very good conditions"
LTP,2022-01-19 12:19,21.5,22.0,21.0,7,"Bright sun, no cloud cover, calm wind, flat calm surface. Excellent conditions"
LTP,2022-02-04 11:50,21.0,21.5,20.5,5,"Sunny clear skies, slight SE wind, small surface waves. Good conditions"
LTP,2022-02-10 12:06,20.5,21.0,20.0,7,"Bright sun, no cloud cover, calm winds, flat calm surface. Excellent conditions"
LTP,2022-03-03 11:50,20.5,21.0,20.0,5,"Mostly cloudy, light winds, waves to 0.5ft, good conditions"
LTP,2022-03-08 12:00,20.5,21.0,20.0,5,"High thin cloud cover, light wind, small waves, strong Glare. Good conditions"
LTP,2022-03-31 12:46,19.0,19.5,18.5,7,"Bright sun, thin cloud layer, calm wind. Flat calm surface. Excellent conditions."
LTP,2022-04-06 12:02,17.0,17.5,16.5,7,"Bright sun, no cloud cover, calm winds. Flat calm surface Excellent condtions."
LTP,2022-05-13 11:21,15.25,15.5,15.0,7,"Brightsun, no cloud cover, calm wind, excellent conditions"
LTP,2022-05-23 12:51,15.5,16.0,15.0,7,"Brightsun, no cloud cover, calm wind, excellent conditions"
LTP,2022-06-01 12:15,19.5,20.0,19.0,7,"Bright sun, no cloud cover, calm wind, flat calm surface. Excellent conditions"
LTP,2022-06-13 13:01,16.5,17.0,16.0,3,"Bright sun, gasty wind, waves to 1ft+surface ripples, and glare. Fair conditions"
LTP,2022-07-01 11:57,19.0,19.5,18.5,5,"Sunny, no clouds, small wind, small surface waves, boat wakes, good conditions."
LTP,2022-07-11 12:54,22.5,23.0,22.0,6,"Bright sun, no cloud cover, light wind, boat wakes. Very good conditions."
LTP,2022-07-21 12:14,19.5,20.0,19.0,6,"Bright sun, no cloud cover, boat wakes, very good conditions"
LTP,2022-07-25 12:13,18.0,18.5,17.5,6,"Summy, calm winds, calm surface, smoke w Basin, very good conditions"
LTP,2022-08-03 12:30,22.88,23.25,22.5,7,"Bright sun, no cloud cover, some boat wakes, calm wind, excellent conditions."
LTP,2022-08-11 12:37,21.0,21.0,21.0,3,"Bright sun, clear skies, overhead, wst winds 10-15mph, fair conditions."
LTP,2022-08-23 12:05,23.5,24.0,23.0,7,"Summy, clear skies, calm winds, small surface waves, excellent condtions"
LTP,2022-09-02 12:15,22.75,23.0,22.5,5,"Bright sun, no cloud cover, winds 10mph, some boat wakes, good conditions"
LTP,2022-09-20 12:52,23.25,23.75,22.75,5,"Full cloud cover, lgith wind, waves 0.5ft. Good conditions"
LTP,2022-09-27 12:12,23.5,24.0,23.0,5,"Bright sun, no cloud cover, gusty wind starting, some boat drift, good conditions"
LTP,2022-10-11 12:40,26.5,27.0,26.0,6,"Sunny, clear skies, calm winds, calm surface, very good conditions"
LTP,2022-11-17 12:03,25.5,26.0,25.0,6,"Bright sun behind cloud layer, calm conditions, no wind, very good conditions"
LTP,2022-12-02 12:23,26.5,27.0,26.0,7,"Sunny, clear skies, calm winds, calm surface, excellent conditions."
LTP,2022-12-07 12:16,25.0,25.5,24.5,3,"Bright sun, wind to 10mph, boat drits fair conditions"
LTP,2022-12-16 12:10,25.5,26.0,25.0,7,"Bright sun, no cloud cover, calm wind, flat calm surface, Excellent conditions."
LTP,2023-01-06 12:53,25.0,25.5,24.5,6,"Cloudy, calm wind, sun out, more for KJS readings. Flat calm surface. Very good conditions."
LTP,2023-01-12 12:19,25.0,25.5,24.5,7,"No waves, sunny skies, no loud overhead, flat calm surface, excellent coditions."
LTP,2023-01-27 13:04,25.5,26.0,25.0,6,"Flat surface conditions, partly cloudy, but bright sun, no wind, no waves (viewing condition assumed by Watanabe)"
LTP,2023-02-08 12:08,27.0,27.5,26.5,7,"Bright sun, no cloud cover, calm wind, flat calm surface, excellent conditions."
LTP,2023-02-16 12:16,25.25,26.0,24.5,5,"Mostly cloudy overhead, flat light, small surface waves. Viewing condtion better for KJS, good conditions."
LTP,2023-03-02 12:32,37.5,37.0,38.0,7,"Sunny, clear sky, calm winds, calm surface condtions. Excellent conditions"
LTP,2023-03-15 12:26,32.5,33.0,32.0,6,"Mostly cloudy overhead, small surface waves with some glare. Very good condtions."
LTP,2023-04-10 11:58,28.5,29.0,28.0,5,"Breezy, bright sun, no cloud cover, small waves, good conditions."
LTP,2023-04-14 12:17,25.0,25.5,24.5,7,"Bright sun, no cloud cover, calm wind, flat calm surface, Excellent conditions."
LTP,2023-04-20 12:28,25.5,26.0,25.0,6,"Sunny, clear skies, calm winds, calm surface conditions, very good conditions"
LTP,2023-05-09 13:27,27.0,27.5,26.5,6,"Cloudy, overcast, calm winds, calm surface conditions. Very good conditions"
LTP,2023-05-24 12:05,8.0,8.5,7.5,6,"Bright sun, no cloud cover, light wind, waves <0.5ft. Very good conditions."
LTP,2023-05-31 11:59,13.0,13.5,12.5,7,"Bright sun, no cloud cover, calm wind, no waves. Excellent conditions"
LTP,2023-06-15 12:34,13.5,14.0,13.0,6,"Bright sun, no cloud cover, calm wind, some boat wakes, very good conditions."
LTP,2023-06-29 12:06,15.5,16.0,15.0,7,"Bright sun, no coloud cover, calm wind, excellent conditions."
LTP,2023-07-12 12:45,15.0,15.5,14.5,3,"Sunny, west winds, 1ft waves, fair conditions"
LTP,2023-08-02 12:10,17.0,17.5,16.5,6,"Sunny, clear skies, calm winds, calm surface conditions, very good conditions."
LTP,2023-08-15 12:13,17.0,17.5,16.5,6,"Partly cloudy, calm winds, calm surface, very good conditions"
LTP,2023-09-09 10:30,18.5,19.0,18.0,5,"Sunny, slight eas wind, small surface waves, good condtions"
LTP,2023-09-20 11:49,18.0,18.5,17.5,3,"Sunny, clear skies, gusty winds, surface waves, fair conditions"
LTP,2023-10-03 11:15,19.5,20.0,19.0,5,"Sunny, clear skies, slight wind, small surface waves, good conditions"
LTP,2023-10-11 11:48,18.0,18.5,17.5,7,"Bright sun, clear skies, overhead, no breeze or surface disturbance, excellent conditions"
LTP,2023-10-24 12:14,19.5,20.0,19.0,6,"Sunny, clear skies, clam winds, calm surface conditions, very good conditions"
LTP,2023-11-07 11:51,16.5,17.0,16.0,5,"25-30% cloud cover, light breeze, very small surface waves. No viewing condition provided, I guessed as good."
LTP,2023-12-13 12:20,17.5,18.0,17.0,3,"Sunny, clear skies, se winds, 1ft rolling swell, fair conditions"
LTP,2024-01-04 13:17,17.25,17.0,17.5,5,"Calm, small ripples, sunny, low breeze, no viewing condition provided and assumed as good"
LTP,2024-01-08 12:24,17.5,18.0,17.0,6,"Cloud cover 100 percent, no wind, slight surface glare, very good conditions"
LTP,2024-01-23 12:00,17.5,18.0,17.0,6,"Clear, slight ripples, low breeze 2-4mph, mostly sunny very good conditions."
LTP,2024-02-09 12:25,19.0,20.0,18.0,3,"Overcast, west wind, surface waves, hight glare, fair conditions"
LTP,2024-02-21 11:58,22.5,23.0,22.0,7,"Excellent conditions, partly cloudy, sunny, breezy, SW wind"
LTP,2024-03-07 11:57,31.38,32.0,30.75,6,"Very good conditions, clear skies overhead, bright sun, slight surface glare, east winds 5mph, small surface waves"
LTP,2024-03-20 12:10,27.25,27.0,27.5,4,"Good conditions, clear skis, sunny, light wind, sw, Choppy, no  precipitation, Low Glare"
LTP,2024-04-10 12:34,20.0,20.5,19.5,5,"Sunny, clear skies, very good conditions"
LTP,2024-04-16 12:36,20.5,21.0,20.0,7,"Excellent, clear, sunny, no wind, flat calm surface, no glare."
LTP,2024-05-13 12:10,17.75,18.0,17.5,7,"clear, sunny, no_wind, no_wind, flat_calm, none, no_glare, excellent. N/A"
LTP,2024-05-29 12:53,16.0,16.5,15.5,7,"clear, sunny, no_wind, no_wind, flat_calm, none, no_glare, excellent. Excellent Secchi Conditions"
LTP,2024-06-12 12:37,13.5,14.0,13.0,7,"clear, sunny, no_wind, no_wind, slight_ripple, none, low_glare, excellent. Pollen on surfac"
LTP,2024-06-19 12:56,14.25,14.5,14.0,6,"clear, sunny, no_wind, no_wind, flat_calm, none, low_glare, very_good. Secchi doesnâ€™t seem very good for this time of year"
LTP,2024-06-28 12:17,14.0,14.5,13.5,6,"clear, sunny, no_wind, w, slight_ripple, none, no_glare, very_good. Very good conditions, onlybthe slightest wind/ripple"
LTP,2024-07-10 12:30,13.5,14.0,13.0,6,"clear, sunny, no_wind, no_wind, slight_ripple, none, low_glare, very_good. Some chop in water due to boat traffic.  Mostly calm and nice though."
LTP,2024-07-22 12:50,14.25,14.5,14.0,7,"partly_cloudy, sunny, no_wind, no_wind, flat_calm, none, no_glare, excellent. Great viewing conditions. Secchi still not great."
LTP,2024-08-02 13:59,14.5,15.0,14.0,6,"partly_cloudy, sunny, no_wind, no_wind, choppy, none, low_glare, very_good. Chop is due to boat wakes"
LTP,2024-08-21 13:05,14.5,15.0,14.0,3,"clear, sunny, light_wind, w, choppy, none, low_glare, fair. Ok day for secchi"
LTP,2024-09-06 13:15,18.0,18.5,17.5,6,"partly_cloudy, sun_behind_light_clouds, no_wind, w, slight_ripple, none, low_glare, very_good. Ok conditions.  Sun in and out of clouds"
LTP,2024-09-12 12:14,18.0,18.5,17.5,7,"clear, sunny, breezy, e, slight_ripple, none, low_glare, excellent. Overall very good conditions, some boat wake"
LTP,2024-09-26 12:37,24.75,25.0,24.5,7,"clear, sunny, no_wind, no_wind, flat_calm, none, no_glare, excellent. Great conditions"
LTP,2024-10-13 12:36,21.5,22.0,21.0,6,"clear, sunny, breezy, sw, slight_ripple, none, no_glare, very_good. Nice day"
LTP,2024-11-08 11:31,20.0,20.5,19.5,6,"clear, sunny, no_wind, e, flat_calm, none, low_glare, very_good. NA"
LTP,2024-12-06 12:26,18.75,19.0,18.5,7,"clear, sunny, no_wind, no_wind, flat_calm, none, low_glare, excellent. Beautiful day"
LTP,2024-12-18 11:50,18.5,19.0,18.0,6,"overcast, sun_behind_thick_clouds, no_wind, no_wind, flat_calm, none, low_glare, very_good. Newly renovated secchi disk hardware"
LTP,2025-01-06 12:05,19.25,19.5,19.0,3,"clear, sunny, breezy, ne, choppy, none, low_glare, fair. Choppy"
LTP,2025-01-16 11:15,23.0,23.5,22.5,7,"clear, sunny, no_wind, no_wind, flat_calm, none, low_glare, excellent. Beautiful calm day, no boat traffic, flat calmq"
LTP,2025-02-25 12:21,28.75,29.0,28.5,5,"clear, sunny, breezy, w, slight_ripple, none, low_glare, good. West wind"
LTP,2025-03-25 12:14,27.0,27.5,26.5,7,"clear, sunny, no_wind, no_wind, flat_calm, none, low_glare, excellent. Excellent conditions, beautiful day."
LTP,2025-04-03 12:56,28.5,29.0,28.0,7,"partly_cloudy, sunny, no_wind, no_wind, flat_calm, none, low_glare, excellent. Excellent conditions"
LTP,2025-04-21 12:31,17.5,18.0,17.0,7,"partly_cloudy, sunny, no_wind, no_wind, flat_calm, none, low_glare, excellent. Great conditions"
LTP,2025-06-03 12:39,15.5,16.0,15.0,7,"partly_cloudy, sun_behind_light_clouds, no_wind, variable, flat_calm, none, low_glare, excellent. Excellent conditions.  Camerons first tike doing Secchi."
LTP,2025-06-26 12:14,16.75,17.5,16.0,3,"clear, sunny, breezy, e, slight_ripple, none, low_glare, fair. Some boat traffic causing wake"
LTP,2025-06-30 13:11,17.0,17.5,16.5,5,"clear, sunny, no_wind, no_wind, choppy, none, low_glare, good. Heavy boat traffic chop"
LTP,2025-07-11 12:30,14.5,15.0,14.0,7,"clear, sunny, no_wind, no_wind, flat_calm, none, low_glare, excellent. Clear skies"
LTP,2025-07-24 12:35,16.75,17.0,16.5,6,"partly_cloudy, sunny, breezy, ne, choppy, none, low_glare, very_good. Light chop with some boay swell"
LTP,2025-08-11 13:13,17.5,18.0,17.0,6,"clear, sunny, no_wind, no_wind, slight_ripple, none, low_glare, very_good. lots of boats around"
LTP,2025-08-20 12:43,19.5,20.0,19.0,6,"clear, sunny, no_wind, no_wind, slight_ripple, none, low_glare, very_good. High vessel traffic"
LTP,2025-09-16 13:03,23.75,24.0,23.5,7,"clear, sunny, no_wind, no_wind, flat_calm, none, low_glare, excellent. great secchi viewing conditions!"
LTP,2025-10-06 12:26,21.0,22.0,20.0,5,"clear, sunny, light_wind, e, choppy, none, low_glare, good. None"
LTP,2025-10-22 11:45,22.75,23.0,22.5,5,"overcast, sun_behind_thick_clouds, breezy, ne, slight_ripple, none, high_glare, good. Nice day for secchi"
LTP,2025-11-07 10:26,19.0,20.0,18.0,3,"overcast, sun_behind_thick_clouds, no_wind, sw, flat_calm, none, high_glare, fair. Very cloudy"
LTP,2025-11-19 11:29,24.5,25.0,24.0,6,"clear, sunny, no_wind, e, slight_ripple, none, low_glare, very_good. Good calm conditions"
LTP,2025-12-01 11:46,20.5,21.0,20.0,6,"clear, sunny, breezy, se, slight_ripple, none, high_glare, very_good. very sunny and some breeze"
LTP,2025-12-10 12:10,22.25,22.5,22.0,7,"clear, sunny, no_wind, no_wind, flat_calm, none, low_glare, excellent. Beautiful day!!!"
LTP,2026-01-14 11:50,20.0,20.5,19.5,7,"clear, sunny, no_wind, no_wind, flat_calm, none, low_glare, excellent. Nice day on the Lake"
LTP,2026-01-26 12:04,19.5,20.0,19.0,7,"partly_cloudy, sun_behind_light_clouds, breezy, w, slight_ripple, none, no_glare, excellent."
LTP,2026-02-06 12:18,17.0,17.5,16.5,3,"mostly_cloudy, sun_behind_light_clouds, breezy, se, slight_ripple, none, high_glare, fair. Not the best viewing conditions but slightly better than EB LTP"
LTP,2026-02-20 12:22,21.5,22.0,21.0,5,"partly_cloudy, sun_behind_light_clouds, breezy, e, slight_ripple, none, low_glare, good. Cold today."
LTP,2026-03-09 10:17,19.25,19.5,19.0,6,"partly_cloudy, sunny, no_wind, se, flat_calm, none, high_glare, very_good. viewing did not happen quite at solar noon"
LTP,2026-03-18 12:28,20.5,21.0,20.0,7,"clear, sunny, no_wind, no_wind, flat_calm, none, low_glare, excellent. Beautiful day on the Lake!"
LTP,2026-04-06 13:25,17.5,18.0,17.0,5,"clear, sunny, breezy, e, slight_ripple, none, high_glare, good. Na"
LTP,2026-04-23 12:06,20.5,21.0,20.0,7,"clear, sunny, no_wind, no_wind, flat_calm, none, low_glare, excellent. super glassy water"
LTP,2026-05-14 12:36,21.75,22.0,21.5,7,"clear, sunny, no_wind, no_wind, flat_calm, none, low_glare, excellent. Great conditions.  Boaters starting to come out on the lake."
LTP,2026-06-04 13:57,19.5,20.0,19.0,5,"clear, sunny, no_wind, ne, slight_ripple, none, high_glare, good. Some boat traffic creating wake"
LTP,2026-06-10 12:27,21.5,22.0,21.0,5,"clear, sunny, no_wind, se, flat_calm, none, low_glare, good. Some boat traffic causing wakes"
LTP,2026-06-29 13:15,18.75,19.0,18.5,7,"clear, sunny, no_wind, no_wind, slight_ripple, none, low_glare, excellent. Great conditions"
MLTP,1980-04-29 13:03,24.25,24.5,24.0,5,Ripple from SW. Breeze @1-2 kn. Some sky reflection. GOOD viewing conditions except ripple. Clouds ~40% around basin.
MLTP,1980-05-21 12:20,25.5,26.0,25.0,5,Calm. GOOD view. Slight pollen layer distraction.
MLTP,1980-06-10 11:42,24.25,24.5,24.0,5,"Rippled. Light, NE breeze. No clouds or haze. Warm and sunny. GOOD viewing conditions."
MLTP,1980-06-30 14:43,23.5,24.0,23.0,0,"S wind @5 kn producing ~6"" chop. Overcast."
MLTP,1980-07-18 12:41,24.5,25.0,24.0,5,Calm. GOOD conditions.
MLTP,1980-08-01 11:52,25.0,26.0,24.0,5,Calm. GOOD light.
MLTP,1980-08-15 11:50,25.0,26.0,24.0,5,GOOD. Very light ripple.
MLTP,1980-08-30 12:14,21.5,22.5,20.5,0,Waves 1-2 ft. Wind SW ~5-10 kn. Some whitecaps. Low cumulus clouds around basin but sky clear over lake center. Secchi disc freshly painted white.
MLTP,1980-09-16 12:02,27.5,28.0,27.0,5,Calm. GOOD viewing.
MLTP,1980-10-04 12:09,27.5,28.0,27.0,5,Calm. Viewing GOOD.
MLTP,1980-10-17 11:19,26.5,27.0,26.0,5,GOOD. Almost flat calm.
MLTP,1980-10-31 10:49,29.5,30.0,29.0,0,"Flat, calm."
MLTP,1980-11-14 11:47,28.5,29.0,28.0,5,GOOD. Very light ripple.
MLTP,1980-12-10 10:45,26.75,27.0,26.5,5,"Smooth ripple. No clouds over sun, but hazy in basin due to strong inversion @~1000 ft. GOOD viewing conditions."
MLTP,1981-01-09 11:05,27.0,28.0,26.0,0,Calm. Smooth surface.
MLTP,1981-02-03 12:22,27.0,27.5,26.5,7,"Flat, calm. Bright sun. No clouds but some smog in basin. EXCELLENT viewing conditions. It appears that an algal bloom (Asterionella formosa) is occurring at C-2 as well as at the Index station."
MLTP,1981-02-17 11:29,26.0,26.5,25.5,0,Calm.
MLTP,1981-03-08 12:43,24.0,24.5,23.5,0,Choppy.
MLTP,1981-03-24 12:28,21.5,22.0,21.0,3,Ripple with light breeze @~2 kn from N. Sky 100% high overcast. Viewing conditions FAIR due to ripple and clouds.
MLTP,1981-04-14 12:32,29.0,29.5,28.5,7,Calm. Good light. EXCELLENT viewing.
MLTP,1981-04-28 14:00,31.5,32.0,31.0,5,GOOD surface conditions. Slight ripple.
MLTP,1981-06-01 12:19,31.5,32.0,31.0,7,"Flat, calm. EXCELLENT viewing (light patchy pollen)."
MLTP,1981-06-19 12:57,33.0,33.5,32.5,5,Calm. Moderate pollen on surface. GOOD viewing.
MLTP,1981-07-03 11:35,33.5,34.0,33.0,7,Calm. EXCELLENT viewing.
MLTP,1981-07-21 11:44,34.0,34.5,33.5,7,"Flat, calm. No clouds or wind. ""Hot"". Low smog in basin. EXCELLENT viewing conditions."
MLTP,1981-08-03 11:28,29.5,30.0,29.0,5,Calm with ripple and light breeze from NE. Sky clear with light in-basin haze. GOOD viewing conditions except for ripple.
MLTP,1981-08-17 12:11,30.75,31.5,30.0,5,Slight chop. GOOD viewing. Sun out.
MLTP,1981-08-28 11:46,37.0,38.0,36.0,7,Calm. EXCELLENT viewing conditions.
MLTP,1981-09-11 12:52,35.5,36.0,35.0,7,"Flat, calm. ~15% cumulus clouds around basin (none over sun). Warm. EXCELLENT viewing conditions."
MLTP,1981-10-05 11:48,34.25,34.5,34.0,7,"Flat, calm. No clouds or wind. EXCELLENT viewing conditions."
MLTP,1981-10-21 11:12,32.5,33.0,32.0,7,"Flat, calm. No clouds or wind. Hazy in the basin. EXCELLENT viewing conditions."
MLTP,1981-11-04 11:44,31.5,32.0,31.0,7,"Clear sunlight. Flat, calm. No surface obfuscation. EXCELLENT viewing."
MLTP,1981-11-25 12:05,27.5,28.0,27.0,5,"Smooth ripples. Swells from E. Wind diminishing, now ~2-3 kn. Cool. Bright sun but low sun angle. Scattered, low cumulus clouds (~15%) around basin. GOOD viewing conditions."
MLTP,1981-12-11 11:25,27.0,28.0,26.0,7,Calm. Good sunlight. Water surface clean. EXCELLENT viewing
MLTP,1982-01-14 12:08,27.75,28.5,27.0,7,"Flat, calm. Clear sky. EXCELLENT viewing."
MLTP,1982-02-11 13:25,29.0,29.5,28.5,7,Smooth surface. EXCELLENT viewing conditions. Measurements made from the small boat R/V Aku Ankka.
MLTP,1982-03-13 12:18,26.5,27.0,26.0,7,"Calm, smooth. EXCELLENT viewing except for white, high, moderate overcast."
MLTP,1982-04-09 13:50,31.75,32.5,31.0,7,"11:52--> Rippled with light breeze from N. High cirrus over sun. GOOD viewing conditions. 13:50--> Flat, calm. EXCELLENT viewing conditions (comparison with LTP 517 Secchi taken the day before at 14:34)."
MLTP,1982-04-23 11:43,27.0,27.5,26.5,7,"Flat, calm. No clouds but hazy. EXCELLENT viewing conditions."
MLTP,1982-05-14 11:45,18.75,19.5,18.0,4,"Flat, calm. But sky 100% high, moderately thick overcast. FAIR-to-GOOD viewing conditions. Low Secchi reading considering the viewing conditions."
MLTP,1982-05-28 11:53,19.5,20.0,19.0,5,Water color here is definitely bluer than at the Index Station. GOOD surface conditions.
MLTP,1982-06-15 11:17,20.5,21.0,20.0,7,"Flat, calm. No cloud cover. EXCELLENT viewing conditions."
MLTP,1982-07-12 11:29,22.25,23.0,21.5,7,"Smooth. EXCELLENT viewing conditions. Some high, moderate cirrus increasing slowly. Both RCR and PTW agree on Secchi readings."
MLTP,1982-07-26 11:41,22.0,23.0,21.0,5,Light breeze and ripple from E. Light basin smog. ~10% cumulus around basin. GOOD viewing conditions. Secchi disc had been painted prior to these readings.
MLTP,1982-08-12 11:30,21.0,21.5,20.5,4,"Gentle wind from W @1-2 kn. Surface rippled ~4-6"". Sky clear. Light smog. FAIR-to-GOOD viewing conditions."
MLTP,1982-09-01 11:52,27.75,28.0,27.5,7,"Smooth ripples. Calm. Some high, thin stratus clouds (~75%). EXCELLENT viewing conditions. Both RCR and YW agree on Secchi readings."
MLTP,1982-09-20 12:13,28.0,28.5,27.5,7,"Flat, calm. No clouds. No wind. EXCELLENT viewing conditions. Lake is clearing."
MLTP,1982-10-07 12:02,30.75,31.0,30.5,6,"Smooth swells. High, very thin haze. No wind. Warming. GOOD-to-EXCELLENT viewing conditions. This is the first time this year that we've seen a 30 m+ Secchi."
MLTP,1982-11-12 00:00,29.25,31.0,27.5,4,"Flat, calm. Sky 100% overcast with some reflection. Sun weak. FAIR-to-GOOD viewing conditions."
MLTP,1982-12-14 10:56,24.5,25.0,24.0,5,"Flat, calm. Light breeze. GOOD viewing conditions. But low light levels due to 100% cloud cover. Sun just visible."
MLTP,1983-01-14 11:00,28.0,29.0,27.0,5,"Flat, calm. But moderately thick, high clouds partially obscuring sun (100% cover). Still GOOD viewing conditions."
MLTP,1983-02-01 10:30,33.75,34.0,33.5,7,"Smooth ripples. Sky clear overhead, but hazy. Low sun angle. EXCELLENT viewing conditions."
MLTP,1983-02-15 10:32,33.25,34.0,32.5,5,"Smooth, small swells and breeze from NE. Sky reflection from clouds. GOOD viewing conditions."
MLTP,1983-03-03 10:32,28.0,29.0,27.0,3,"Waves 1-1.5 ft. Wind SW @3-4 kn. Sky 100% overcast with low, cumulus and snow showers around basin. FAIR viewing conditions."
MLTP,1983-03-20 08:56,28.5,29.0,28.0,4,Ripples and light wind from SE @~1-2 kn. Sky 100% overcast with sun shining weakly through. FAIR-to-GOOD viewing conditions.
MLTP,1983-03-31 16:05,26.0,27.0,25.0,5,Wind SW @2-3 kn. Waves ~1-1.5 ft. Sky clear. Sun angle low. GOOD viewing conditions but late in the day.
MLTP,1983-04-14 10:06,25.5,26.0,25.0,5,"Smooth, small waves. Light, easterly breeze. Bright sun. ~10% cumulus around basin. Cool. GOOD viewing conditions. Conditions changed for PTW's readings."
MLTP,1983-04-29 14:40,19.0,19.5,18.5,3,Wind SW @1-2 kn. Surface rippled. 90% cloud cover. FAIR viewing conditions.
MLTP,1983-05-16 10:55,20.5,21.0,20.0,3,"Waves ~1 ft. SW wind @1-2 kn. Sky clear. Waves and reflection make for only FAIR viewing conditions. PTW had ripples for the ""secchib2"" measurement."
MLTP,1983-05-31 10:10,17.5,18.0,17.0,5,"Smooth, small ripples. No clouds. Light haze. Some pollen on surface. Wind 0-1 kn from NE. GOOD viewing conditions. There has been heavy snow pack melt and high runoff over the last 10-12 days due to daytime temps. as much as 20 F above normal!"
MLTP,1983-06-08 11:26,12.25,12.5,12.0,7,"C-2 is DWR's north mid-lake station and our MLTP station. Fewer clouds at C-2, none over sun. EXCELLENT viewing. C-2 lake water appeared more blue than green compared to C-1 lake water, which looked green-blue."
MLTP,1983-06-14 10:13,12.0,12.5,11.5,5,Small ripples. GOOD viewing conditions. But sky overcast ~60% and over sun too. Lake is greenish blue.
MLTP,1983-06-29 10:40,15.5,16.0,15.0,4,"Waves ~1 ft. SW wind @~3 kn. High, moderate overcast. FAIR-to-GOOD viewing conditions. Secchi disc was repainted with flat, white paint since the last mid-lake reading. Lake appears to be clearing up somewhat."
MLTP,1983-07-28 12:25,30.25,31.0,29.5,7,"Flat and calm with large, smooth ripples. Very slight breeze. Bright sun. Basin hazy. EXCELLENT viewing conditions."
MLTP,1983-09-06 11:35,27.5,28.0,27.0,7,"Flat, calm. No wind. Moderate in-basin smog. Sky clear. Warm and sunny. EXCELLENT viewing conditions."
MLTP,1983-10-05 10:35,27.0,27.5,26.5,7,"Flat, calm. No clouds. Smoggy in basin. EXCELLENT viewing conditions."
MLTP,1983-11-03 11:19,28.75,29.0,28.5,7,"Flat, calm. No wind. Some basin smog and high clouds but none overhead. EXCELLENT viewing conditions."
MLTP,1983-12-14 12:06,19.0,19.5,18.5,3,Choppy waves ~1 ft. Sky 65% overcast. Low cumulus. Wind SW @3-5 kn. FAIR viewing conditions.
MLTP,1984-01-15 15:16,23.5,24.5,22.5,5,"Flat, calm. Snow showers approaching quickly. GOOD viewing conditions but 100% overcast is lowering. A phytoplankton bloom is clogging the zooplankton net!"
MLTP,1984-02-01 10:20,17.0,18.0,16.0,3,"Only FAIR conditions due to waves 1.5 ft and NE wind ~10 kn. Sky 70% high, broken cumulus and stratus (some over sun)."
MLTP,1984-02-14 11:00,22.0,22.5,21.5,7,Smooth swells. No clouds or wind. Low sun angle but EXCELLENT viewing conditions.
MLTP,1984-03-07 10:12,22.5,23.5,21.5,7,"Mirror flat, calm. High, moderate, stratus clouds ~75%. No wind. EXCELLENT viewing conditions."
MLTP,1984-03-19 11:27,21.5,22.0,21.0,4,Smooth ripples. Wind @1-2 kn from NW. FAIR-to-GOOD viewing conditions due to sky reflection.
MLTP,1984-04-03 10:53,18.5,19.0,18.0,7,"Flat, calm. No clouds or wind. Bright sun. EXCELLENT viewing conditions. The Asterionella bloom is more significant here than at the Index Station (yesterday) if net clogging is an indication!"
MLTP,1984-04-13 11:14,22.5,23.0,22.0,7,"Flat, calm. Bright sun. No wind. High, thin stratus and haze ~80%. EXCELLENT viewing conditions."
MLTP,1984-05-10 10:27,17.5,18.0,17.0,3,Waves ~1.5-2 ft. Wind SW @10 kn. Sky mostly clear under sun. Only FAIR viewing conditions. Phytoplankton bloom continues.
MLTP,1984-06-05 11:15,21.25,21.5,21.0,5,Smooth ripples. Bright sun with no clouds over it. Light breeze. GOOD viewing conditions.
MLTP,1984-07-05 11:47,23.5,24.0,23.0,7,"Flat, calm. Bright sun. No wind. ""Hot"" (~78 F). Basin smoggy. EXCELLENT viewing conditions."
MLTP,1984-08-10 10:42,23.0,23.5,22.5,4,Smooth ripples. Sun behind clouds. A lot of surface-sky reflection. FAIR-to-GOOD viewing conditions.
MLTP,1984-09-12 12:12,25.5,26.0,25.0,5,Waves and smooth ripples from SW. Light breeze from NE. Sky clear. Warm. GOOD viewing conditions.
MLTP,1984-10-04 11:32,30.0,30.5,29.5,7,"Flat, calm. Smooth ripples. Sun warm and bright. Basin smoggy. ~25% low cumulus to west. EXCELLENT viewing conditions. A noticeable amount of small clumps of dead zooplankton floating on the surface."
MLTP,1984-11-05 12:02,28.5,29.0,28.0,5,"Smooth ripples. Sky reflection prominent. Sun hazy behind clouds. GOOD viewing conditions. Smoggy--there seems to be a ""controlled burn"" at South Lake Tahoe."
MLTP,1984-12-04 11:13,25.5,26.0,25.0,0,Smooth swells. Bright sun.
MLTP,1985-01-03 14:21,27.0,27.5,26.5,6,Smooth ripples. No clouds. Moderate smog. Low sun angle but GOOD-to-EXCELLENT viewing conditions.
MLTP,1985-02-05 10:46,35.5,36.5,34.5,7,"Flat, calm. 100% high overcast, but weak sun shining. EXCELLENT viewing conditions. Ripples came up ruining DAF's viewing conditions."
MLTP,1985-02-23 12:15,30.5,31.0,30.0,5,Ripples. 2-3 kn breeze from west. GOOD viewing conditions.
MLTP,1985-03-13 16:15,21.5,23.0,20.0,3,Only FAIR conditions due to 15 kn NE wind. Cold. Waves ~2 ft and whitecaps.
MLTP,1985-04-02 16:20,33.75,34.5,33.0,7,"Flat, calm. No wind or clouds. EXCELLENT viewing conditions even with low sun angle."
MLTP,1985-04-18 13:03,19.0,19.5,18.5,5,"Ripples from light SW breeze. High, thin cloud cover ~75%. GOOD viewing conditions."
MLTP,1985-05-11 12:06,19.0,19.5,18.5,4,"Smooth ripples. Sky with high, moderate overcast ~60%. Light breeze. FAIR-to-GOOD viewing conditions."
MLTP,1985-06-10 11:28,24.5,25.0,24.0,5,Ripples from NW. Light breeze @~1-2 kn. But sky clear. GOOD viewing conditions. Lake seems to be clearing slightly.
MLTP,1985-07-10 12:15,16.75,17.0,16.5,0,Smooth ripples. Heavy smoke overcast. Sun barely visible.
MLTP,1985-08-14 12:13,25.75,26.5,25.0,5,"Smooth ripples and light breeze from west. ~10% cumulus clouds around basin. Bright, warm sun. Light haze. GOOD viewing conditions."
MLTP,1985-09-25 14:11,26.5,27.0,26.0,7,Flat and calm with smooth swells. No clouds or wind. EXCELLENT viewing conditions.
MLTP,1985-10-18 12:40,26.5,27.0,26.0,7,"Flat, calm. Bright sun. EXCELLENT viewing conditions. Dead zooplankton floating on surface."
MLTP,1985-11-15 13:28,25.0,26.0,24.0,6,"Flat, calm. No wind. Weak sun but 100% cloud cover and sky reflection. GOOD-to-EXCELLENT viewing conditions."
MLTP,1985-12-13 12:16,23.25,22.5,24.0,7,Calm. EXCELLENT viewing conditions.
MLTP,1986-01-09 11:57,27.0,27.5,26.5,7,"Flat, calm. Some haze and smog over sun. EXCELLENT viewing conditions."
MLTP,1986-02-24 13:31,31.0,31.5,30.5,7,Smooth ripples. Sky clear. Dense fog almost gone. No wind. EXCELLENT viewing conditions.
MLTP,1986-03-12 15:00,20.75,21.5,20.0,3,Waves ~1.5 ft. Wind SW @10 kn. 50% low cumulus clouds to west. FAIR viewing conditions.
MLTP,1986-03-29 11:25,24.25,25.0,23.5,6,Smooth ripples. Light breeze. Hazy but bright sun. GOOD-to-EXCELLENT viewing conditions.
MLTP,1986-04-11 12:00,21.0,21.5,20.5,7,"Flat, calm. No clouds or wind or sky reflection. EXCELLENT viewing conditions."
MLTP,1986-04-29 10:47,18.5,19.0,18.0,4,Waves from west @~1-1.25 ft. FAIR-to-GOOD viewing conditions.
MLTP,1986-05-13 11:52,24.0,24.5,23.5,7,"Flat, calm. Some sky reflection due to 60-70% stratus cloud cover. EXCELLENT viewing conditions."
MLTP,1986-05-27 12:32,26.75,27.0,26.5,7,"Flat, calm. No clouds or wind but smoggy. EXCELLENT viewing conditions."
MLTP,1986-06-10 14:24,23.75,24.0,23.5,7,Smooth ripples. Warm sun. ~5% cumulus clouds to west. Light breeze. EXCELLENT viewing conditions. It looks as if an algal bloom has started (apparent in the zooplankton tow)!
MLTP,1986-07-11 11:45,22.25,23.0,21.5,5,"Smooth, calm. Warm sun. GOOD viewing."
MLTP,1986-08-25 13:01,22.0,22.5,21.5,5,Wind from NE @1-2 kn. Ripples. Bright sun through high clouds. GOOD viewing conditions.
MLTP,1986-09-29 11:36,21.25,22.0,20.5,5,"Smooth ripples from west with a light breeze. High cirrostratus clouds over sun, GOOD viewing conditions."
MLTP,1986-10-21 11:16,26.5,27.0,26.0,7,"Flat, calm. No wind. Sun bright with no clouds over it. Heavy basin smog from USFS controlled burning (?). EXCELLENT viewing conditions. Many dead zooplankton floating on the calm lake surface in small patches."
MLTP,1986-11-21 11:05,20.5,21.0,20.0,5,"Waves ~1 ft from NNW. Cool. ~50% cumulus, but none over sun. GOOD viewing conditions."
MLTP,1986-12-16 10:43,28.0,29.0,27.0,7,"Smooth swells. No wind. Bright sun through basin ""smaze"". EXCELLENT viewing conditions."
MLTP,1987-01-14 12:16,26.25,27.0,25.5,5,Calm. Smooth ripples. No clouds. Bright sun. GOOD viewing conditions.
MLTP,1987-02-04 12:10,29.25,30.0,28.5,7,"Flat, calm. Clear, blue sky. No wind. Bright sun. Moderate smog. EXCELLENT viewing conditions. Some algae in zooplankton net."
MLTP,1987-02-17 10:57,27.0,27.5,26.5,6,Smooth ripples. Bright sun. GOOD-to-EXCELLENT viewing conditions. Zooplankton tow is green-brown with phytoplankton.
MLTP,1987-03-03 10:32,26.25,27.0,25.5,5,"Smooth ripples. Light breeze. Hazy sun. ~80% high, thin, overcast. GOOD viewing conditions."
MLTP,1987-03-16 09:52,23.75,24.5,23.0,5,Smooth ripples from NW. Sky clear over bright sun. GOOD viewing conditions. Algal bloom is still progressing.
MLTP,1987-04-01 10:31,24.75,25.5,24.0,7,"Flat, calm. Bright sun but smoggy. EXCELLENT viewing conditions."
MLTP,1987-04-21 10:40,25.25,25.5,25.0,7,"Flat, calm. Light, wispy stratus over sun and ~30% around basin. Warm. No wind. EXCELLENT viewing conditions. Water seems less clear here at mid-lake than at index yesterday due to strong, westshore upwelling (strong winds and snow showers on 4/18/87)."
MLTP,1987-05-05 10:55,27.75,29.0,26.5,7,"Flat, calm. No clouds. Some high haze. Warm and sunny. No wind. EXCELLENT viewing conditions."
MLTP,1987-05-20 11:38,29.5,30.0,29.0,5,"Surface rippled. Wind coming up from NE @2-4 kn in gusts. Sky clear, under bright sun. GOOD viewing conditions. Some pollen visible in surface waters."
MLTP,1987-06-11 10:58,29.5,30.0,29.0,7,"Flat, calm. Bright sun. No clouds (basin is smoggy). Pollen on surface but not over disc. Many Diaptomus (some females with eggs) visible. EXCELLENT viewing conditions."
MLTP,1987-07-08 11:40,24.25,25.0,23.5,6,Smooth ripples. Clear sky over sun. Light breeze. Warm. GOOD-to-EXCELLENT viewing conditions.
MLTP,1987-08-03 11:18,28.0,29.0,27.0,7,"Calm. No wind. Bright, warm sun. EXCELLENT viewing conditions."
MLTP,1987-09-02 11:23,31.0,31.5,30.5,7,"Flat, calm. No wind. Warm and very smoky with clouds (thin) over sun. Otherwise EXCELLENT viewing conditions."
MLTP,1987-10-01 11:25,26.0,27.0,25.0,7,"Flat, calm. Bright, warm sun. EXCELLENT viewing conditions. Lots of dead zooplankton in clumps on the surface."
MLTP,1987-11-10 10:42,28.5,29.0,28.0,7,"Flat, calm. Sunny with light, thin stratus over sun. EXCELLENT viewing conditions."
MLTP,1987-12-14 12:50,26.0,26.5,25.5,5,"Flat, calm, no wind. But 90% cloud cover and reflections. Sun obscured. GOOD viewing conditions."
MLTP,1988-01-06 11:15,26.5,27.0,26.0,7,Smooth ripples. Bright sun. No clouds or haze. Cold and calm. EXCELLENT viewing conditions.
MLTP,1988-02-01 13:42,28.75,29.5,28.0,7,Smooth ripples. Bright sun. Cool. EXCELLENT viewing conditions.
MLTP,1988-02-12 10:49,24.5,25.0,24.0,7,"Flat, calm. Bright sun. No wind. Warming. Basin smog but no clouds. EXCELLENT viewing conditions."
MLTP,1988-03-24 11:11,22.0,23.0,21.0,7,"Flat, calm. Warm sun. Clear sky. No wind. EXCELLENT viewing conditions. 3 days of strong SW winds prior to this LTP."
MLTP,1988-04-12 11:33,19.75,20.0,19.5,7,"Flat, calm. High, moderate haze ~80%. Warm, hazy sun. EXCELLENT viewing conditions."
MLTP,1988-05-09 09:50,20.75,21.5,20.0,5,"Some sky reflection. Smooth ripples and 2 ft swells. 100% high, cloud cover and weak sun but no wind = GOOD viewing conditions. There seems to be some net-clogging algae in the zooplankton sample."
MLTP,1988-05-23 10:17,30.5,31.0,30.0,7,"Flat, calm. Bright sun. No wind. EXCELLENT viewing conditions."
MLTP,1988-06-17 12:19,28.75,29.5,28.0,7,"Flat, calm, no wind. Bright sun. Light haze over sun. EXCELLENT viewing conditions."
MLTP,1988-07-13 15:10,28.25,29.5,27.0,5,Waves ~1 ft. SW wind @2-4 kn. GOOD viewing conditions.
MLTP,1988-08-12 11:59,25.25,26.5,24.0,5,Smooth ripples from NE with ~1 kn breeze. GOOD viewing conditions.
MLTP,1988-09-07 12:35,28.75,29.5,28.0,5,Smooth ripples from NE. Bright sun and hazy sky. 1 kn breeze. GOOD viewing conditions.
MLTP,1988-10-12 15:15,25.25,26.5,24.0,4,Waves from W (~1.5 ft swells). Sky clear. Wind SW @10 kn with whitecaps. FAIR-to-GOOD viewing conditions.
MLTP,1988-11-19 12:01,24.0,24.5,23.5,7,Smooth and calm. Sky clear. Sun angle moderately low but bright and no clouds. EXCELLENT viewing conditions.
MLTP,1988-12-23 15:10,17.5,18.5,16.5,4,Waves ~1 ft. Wind SW @3 kn. Sky overcast and surface is reflective from the sky. FAIR-to-GOOD viewing conditions.
MLTP,1989-01-20 09:40,26.0,27.0,25.0,7,"Flat, calm. A bit of sky reflection but no wind. Strong sun. EXCELLENT viewing conditions."
MLTP,1989-02-11 10:35,35.0,35.5,34.5,5,"Ripples. Light SE breeze. Sky overcast, ~75% cumulus. Sun behind clouds. GOOD viewing conditions. Secchi much deeper than on last MLTP!"
MLTP,1989-02-27 09:40,32.5,33.0,32.0,7,"Flat, calm, no wind. Sun bright. No clouds. Cool (29 degrees F). Smoggy - but EXCELLENT viewing conditions. With the strong winds over the last 5-6 days, the lake should have mixed!"
MLTP,1989-03-14 10:29,30.25,31.0,29.5,7,"Calm with light ripple. Sun slightly covered with thin clouds. Cool, light breeze. EXCELLENT viewing conditions. A calm day following a week of moderate to strong SW winds and storms. Lake should have mixed from this! Lake level has risen ~3-4""."
MLTP,1989-04-10 11:02,22.25,23.0,21.5,4,Waves ~1.5-2 ft from SW 15 kn wind which sprang up ~20 min. ago. Sun bright. Sky clear. But only FAIR-to-GOOD conditions due to waves. Water not as clear as 3 weeks ago.
MLTP,1989-04-26 10:43,17.5,18.0,17.0,4,Smooth ripples. Wind SW @1-2 kn. Cold. Rippled surface and ~95% cloud cover giving much sky reflection. Viewing conditions FAIR-to-GOOD.
MLTP,1989-05-15 11:37,19.0,19.5,18.5,5,Waves ~1 ft. Sun in and out behind clouds. Wind NE @2-4 kn. GOOD viewing conditions.
MLTP,1989-06-01 09:32,20.0,20.5,19.5,7,"Flat, calm. Bright sun. No wind or clouds. EXCELLENT viewing conditions."
MLTP,1989-07-05 10:48,21.5,22.0,21.0,7,"Flat, calm, no wind. Bright, warm sun. EXCELLENT viewing conditions."
MLTP,1989-08-04 10:04,28.0,28.5,27.5,7,"Clear sky (except for forest fire smoke coming into basin from SW). Calm. Warm, bright sun. EXCELLENT viewing conditions."
MLTP,1989-09-15 12:37,27.0,27.5,26.5,6,Ripples. 1-2 kn breeze from E. Bright sun. No clouds but moderate smog. GOOD-to-EXCELLENT viewing conditions.
MLTP,1989-10-09 10:38,27.0,27.5,26.5,7,"Flat, calm. No clouds or wind, but smoggy. EXCELLENT viewing conditions."
MLTP,1989-11-02 11:06,23.5,24.0,23.0,6,"Almost calm with small ripples. Bright sun. No clouds. Light breeze but quite smoggy! GOOD-to-EXCELLENT viewing conditions. A whole bunch more Uroglena americana colonies quite visible as ""dust"" between sunlit Secchi disk and surface!"
MLTP,1989-12-05 10:15,20.75,21.5,20.0,7,"Smooth ripples. Light breeze. Bright sun. No clouds. EXCELLENT viewing conditions, but Uroglena americana bloom continues to hamper good readings!"
MLTP,1990-01-10 11:22,22.75,23.0,22.5,7,"Flat, calm, no wind. Moderate, hazy sun due to ~80% high cumulus cloud cover. EXCELLENT viewing conditions. Uroglena americana still reigns!"
MLTP,1990-02-05 11:24,26.5,27.0,26.0,7,"Flat, calm. Cool. 100% cloud cover (~10,000 ft high). No sun visible, but EXCELLENT viewing conditions. Uroglena americana has crashed!"
MLTP,1990-02-20 11:41,32.25,33.0,31.5,6,"Flat, calm, no wind. But 100% high stratus covers a weak sun. Otherwise GOOD-to-EXCELLENT viewing conditions. Very heavy snowstorm (3.5-4 ft) and strong SW winds @10-40 kn during the past 3-4 days. Water is definitely clearer."
MLTP,1990-03-07 10:59,25.75,26.5,25.0,7,"Flat, calm, no wind. High, moderate, stratus overcast. Cool. Sun shining through clouds. EXCELLENT viewing conditions."
MLTP,1990-03-19 09:48,26.0,26.5,25.5,5,Smooth ripples from the east with 1 kn breeze. Sun bright. GOOD viewing conditions.
MLTP,1990-04-02 10:48,24.0,24.5,23.5,7,"Flat, calm, no wind. Bright sun. Some smog. EXCELLENT viewing conditions."
MLTP,1990-04-14 10:15,23.0,23.5,22.5,6,"Flat, calm, no wind. Warm. 100% high stratus. Moderate sunshine. GOOD-to-EXCELLENT viewing conditions. Some small periphyton clumps floating on surface."
MLTP,1990-05-02 10:58,20.0,21.0,19.0,0,Rippled with wind from NE @2-3 kn. Bright sun.
MLTP,1990-06-07 10:48,20.0,20.5,19.5,7,"Flat, calm. No clouds or wind. Water a bit cloudy. EXCELLENT viewing conditions."
MLTP,1990-08-08 11:18,28.5,29.0,28.0,7,"Flat, calm. Bright, warm sun. No clouds over sun. EXCELLENT viewing conditions."
MLTP,1990-09-11 11:50,25.5,26.5,24.5,5,NE breeze @1-2 kn. Waves 0.5 ft. Sky clear. Sun bright. GOOD viewing conditions.
MLTP,1990-10-01 11:10,26.5,27.0,26.0,7,"Flat, calm. Bright sun. No wind. Hazy. EXCELLENT viewing conditions."
MLTP,1990-11-05 11:02,24.5,25.5,23.5,5,"Smooth, 1.5 ft swells. No clouds over sun, but low sun angle. Wind has stopped. GOOD viewing conditions. Several days of NE winds preceded this MLTP."
MLTP,1990-12-05 11:21,23.5,24.0,23.0,6,Smooth ripples. Bright sun. No clouds. Low sun angle. But GOOD-to-EXCELLENT viewing conditions.
MLTP,1991-01-10 11:21,18.25,19.0,17.5,5,Smooth ripples. GOOD viewing conditions. But sun not visible through 100% cloud cover.
MLTP,1991-02-01 11:49,24.0,24.5,23.5,7,"Flat, calm. 90% overcast, sky reflection, and low sun angle. But EXCELLENT viewing conditions. Algal bloom (Botryococcus Braunii) is not nearly as pronounced as at the index station (LTP)."
MLTP,1991-02-20 11:07,20.5,21.0,20.0,7,"Flat, calm. Bright sun. No cloud cover. EXCELLENT viewing conditions."
MLTP,1991-03-28 16:02,24.5,25.0,24.0,6,Sun angle fairly low. Smooth ripples. Clear sky and sun = GOOD-to-EXCELLENT viewing conditions. Stormiest March (snowfall) in at least the last 20 years.
MLTP,1991-04-13 11:04,21.0,21.5,20.5,6,Smooth ripples and light southerly breeze. Bright sun through a light haze. GOOD-to-EXCELLENT viewing conditions.
MLTP,1991-04-30 11:41,22.5,23.0,22.0,7,"Flat, calm. Warm. High, moderate overcast over sun. EXCELLENT viewing conditions."
MLTP,1991-05-16 11:11,16.5,17.0,16.0,4,SW wind @5-10 kn and 1.5-2 ft whitecaps. Bright sun. FAIR-to-GOOD viewing conditions.
MLTP,1991-06-07 11:27,24.5,25.0,24.0,7,"Flat, calm. Bright sun. Warm. No wind. EXCELLENT viewing conditions."
MLTP,1991-07-01 11:40,26.5,27.0,26.0,6,Smooth ripples from NW. Light breezes. Bright sun. No clouds. GOOD-to-EXCELLENT viewing conditions.
MLTP,1991-08-01 11:15,26.0,27.0,25.0,7,Smooth ripples with NE breeze @1-3 kn. Sky clear but smoggy. EXCELLENT viewing conditions.
MLTP,1991-09-11 11:26,23.5,24.0,23.0,6,"Flat, calm. Bright sun. Light breeze. ~15% cumulus around basin. Moderate to heavy smog. GOOD-to-EXCELLENT viewing conditions."
MLTP,1991-10-01 10:54,24.25,25.0,23.5,7,"Flat and calm. Bright, warm sun. Some high, thin cirrus (~80%). EXCELLENT viewing conditions."
MLTP,1991-11-13 10:41,17.0,18.0,16.0,3,Rough. Waves to 3.5 ft. Wind SW @10 kn. Rain showers. Sun partially obscured. FAIR viewing conditions.
MLTP,1991-12-06 11:11,18.0,19.0,17.0,4,Waves ~1.5 ft. 100% overcast. FAIR-to-GOOD viewing conditions.
MLTP,1992-01-02 13:12,23.0,23.5,22.5,7,"Flat, calm. No clouds or wind. Sky blue. EXCELLENT viewing conditions."
MLTP,1992-02-04 11:06,20.25,21.0,19.5,4,Waves ~1.5 ft from SE wind ~5 kn. Sky clear of clouds but hazy. FAIR-to-GOOD viewing conditions.
MLTP,1992-02-18 11:22,18.25,19.0,17.5,4,1 ft SE swells. Light NW breeze. 100% overcast and sky reflection. FAIR-to-GOOD viewing conditions.
MLTP,1992-03-04 11:19,22.0,22.5,21.5,0,"Flat, calm. Some high stratus overcast. No wind. Sun bright."
MLTP,1992-03-18 11:42,19.0,19.5,18.5,5,"Ripples and breeze @2-3 kn from the west. 100% high, moderate overcast. GOOD viewing conditions."
MLTP,1992-04-06 11:07,23.5,24.0,23.0,7,"Flat, calm. Bright, warm sun. Small ripples and breeze. Slight high, thin stratus ~80%. EXCELLENT viewing conditions. Transparency seems a little less than last week."
MLTP,1992-05-08 11:07,27.25,28.0,26.5,7,Smooth ripples. Warm. Bright sun. ~30% cumulus increasing. EXCELLENT viewing conditions.
MLTP,1992-06-03 11:10,27.0,27.5,26.5,7,"Flat, calm. Bright sun. Warm. Some high stratus and cirrus (~15%). EXCELLENT viewing conditions. No wind."
MLTP,1992-07-02 11:28,24.5,25.0,24.0,0,Ripples and breeze from NW. Sky clear. Sun warm and bright.
MLTP,1992-07-31 11:29,28.5,29.0,28.0,0,"Flat, calm. Bright, warm sun. No clouds. Moderate smog at lake level."
MLTP,1992-08-28 10:51,26.5,27.0,26.0,7,"Glassy calm. Bright, warm sun. EXCELLENT viewing conditions."
MLTP,1992-10-06 12:10,26.0,26.5,25.5,4,"Waves ~2 ft. NE wind @10 kn. Warm, sunny, and hazy. FAIR-to-GOOD viewing conditions."
MLTP,1992-11-02 11:25,27.0,28.0,26.0,5,"SW smooth swells. Sun partially obscured by 10,000' ceiling of cumulus cloud cover (~90%). Light breeze. GOOD viewing conditions."
MLTP,1992-12-01 10:44,28.75,29.0,28.5,6,"Flat, calm. 100% high overcast. Sun partially obscured but GOOD-to-EXCELLENT viewing conditions."
MLTP,1993-01-12 12:09,29.75,30.5,29.0,6,"Flat, calm. Low light with sun obscured. 100% 8000 ft stratus overcast. But GOOD-to-EXCELLENT viewing conditions."
MLTP,1993-02-04 11:22,32.0,33.0,31.0,7,"Calm. 30% high, thin stratus. Light breeze. Sunny. EXCELLENT viewing conditions. There were strong NE winds January 28-30. Zooplankton sample is greenish in color."
MLTP,1993-02-22 14:23,29.0,30.0,28.0,0,"High stratus. Cloud cover 100% and lowering. Wind SW @2-5 kn. Waves 1.5 ft. Snow squalls passing through, then fog."
MLTP,1993-03-08 00:00,29.5,30.0,29.0,6,"Smooth ripples. Bright, warm sun. 80% high, broken stratus. Light breeze. GOOD-to-EXCELLENT viewing conditions. Some Dinobryon (?) in zooplankton sample."
MLTP,1993-04-05 11:09,11.5,12.0,11.0,4,"Waves ~1-1.5 ft. SW wind @10 kn. Cold. Whitecaps and snow flurries around basin. FAIR-to-GOOD viewing conditions. Lots of algae in zooplankton sample. The ""bloom"" is ON!"
MLTP,1993-05-05 11:04,22.0,23.0,21.0,7,"Flat, calm. Bright sun. EXCELLENT viewing conditions."
MLTP,1993-06-03 11:39,15.75,16.0,15.5,6,"Smooth ripples. High, thin overcast. Sun warm. GOOD-to-EXCELLENT viewing conditions."
MLTP,1993-07-05 11:44,18.25,19.0,17.5,7,Smooth ripples. No clouds. No wind. Smoggy but EXCELLENT viewing conditions.
MLTP,1993-07-29 10:50,18.0,19.0,17.0,0,SW wind @10-12 mph. Waves ~2.5 ft. Sky clear over sun.
MLTP,1993-09-08 11:05,25.0,25.5,24.5,6,"Ripples and light westerly breeze. Bright, warm, cloudless sun. GOOD-to-EXCELLENT viewing conditions. There are dead zooplankton on the surface."
MLTP,1993-10-01 11:30,31.0,31.5,30.5,7,"Smooth ripples. Bright, warm sun. Light SW breeze. Smoggy but EXCELLENT viewing conditions."
MLTP,1993-11-03 11:20,28.0,29.0,27.0,7,"Smooth. Only light, variable breezes and some ripples. High, moderate haze in front of sun. Uroglenopsis is blooming and the colonies are visible to the naked eye at the surface! Smoke in the basin from controlled burns."
MLTP,1993-12-12 11:00,19.5,20.0,19.0,5,Smooth swells. High cumulus clouds partially blocking sun. Cool. GOOD viewing conditions. Uroglenopsis is still prolific!
MLTP,1994-01-03 10:55,20.25,20.5,20.0,7,"Flat, calm. No wind or waves. Clouds moving intermittently across the sun. EXCELLENT viewing conditions. Uroglenopsis is still very abundant and the water color is greenish-blue! Also zooplankton numbers are very low!"
MLTP,1994-02-04 11:00,24.5,25.0,24.0,7,"Flat, calm. Partial sun through ~80% cloud cover. No wind. EXCELLENT viewing conditions. Uroglenopsis is still dominant in upper 100 m!"
MLTP,1994-02-22 11:56,20.75,21.5,20.0,4,Waves ~1.5 ft from NE with 5 kn cold breeze. Bright sun. ~30% low cumulus around basin. FAIR-to-GOOD viewing conditions. Uroglenopsis still very abundant in Secchi disk reflected light.
MLTP,1994-03-04 10:50,22.0,22.5,21.5,6,"Flat, calm. Sun behind moderate high stratus. No wind. GOOD-to-EXCELLENT viewing conditions."
MLTP,1994-03-17 11:30,22.25,22.5,22.0,7,"Flat, calm. Warm sun. High thin-to-moderate haze. EXCELLENT viewing conditions. Uroglenopsis still very abundant! The strong winds of the last 1.5 days should have mixed the lake a bit deeper."
MLTP,1994-04-04 11:30,19.5,20.0,19.0,5,Small waves and 1-2 kn cold breeze from SSE. Bright sun. GOOD viewing conditions. Uroglenopsis is still here (but perhaps a little less?).
MLTP,1994-04-18 11:25,22.5,23.0,22.0,7,"Flat, calm. Warm and sunny. Light, thin haze. EXCELLENT viewing conditions."
MLTP,1994-05-06 10:45,19.25,20.0,18.5,3,FAIR viewing conditions due to 1.5 ft swells with overcast sky and no direct sun. Wind NE @5-10 kn. Uroglenopsis appears to have crashed.
MLTP,1994-06-11 10:55,23.5,24.0,23.0,0,"Smooth ripples and light breeze from SW. Sky clear. Warm, bright sun."
MLTP,1994-07-05 10:55,20.75,22.5,19.0,3,SW wind @10-12 kn. 2.5 ft waves. Sky clear. FAIR viewing conditions. Warm. Sun bright.
MLTP,1994-08-05 11:05,25.5,26.0,25.0,6,GOOD-to-EXCELLENT viewing conditions. Rippled surface. Bright sun. Warm. No clouds. Moderate smoky haze from fire north of the lake between Stampede Reservoir and Verdi.
MLTP,1994-10-18 10:50,26.75,27.0,26.5,7,"Smooth ripples. Bright, warm sun. EXCELLENT viewing conditions. No wind. Some smoke in basin from controlled burns in D.L. Bliss and Sugar Pine Point State Parks. Wind ripples came up during DAH's reading."
MLTP,1994-11-11 11:20,20.75,21.5,20.0,4,Swells ~1.5 ft. Moderate SE breeze. Waves from NE and SE. 75% low cumulus clouds. Wind ~2-5 kn. Cool. FAIR-to-GOOD viewing conditions. Very strong SW winds @ 30-40 kn with gusts to 50-60 kn 3-4 days previously.
MLTP,1994-12-16 11:10,23.0,23.5,22.5,6,Smooth swells from SW. Sun in and out from behind clouds. Water has a slight greenish-blue tint. GOOD-to-EXCELLENT viewing conditions.
MLTP,1995-01-19 11:58,23.25,24.0,22.5,6,Smooth ripples. GOOD-to-EXCELLENT viewing conditions except high overcast sky reflection. Weak sun. Cool.
MLTP,1995-02-21 11:11,23.5,24.0,23.0,7,"Flat, calm. Warm, sunny with some haze over sun. But still EXCELLENT viewing conditions."
MLTP,1995-03-15 16:26,18.5,19.5,17.5,4,Waves ~0.5 ft due to NE breeze @2 kn. Sun angle quite low and sun covered with moderate clouds. FAIR-to-GOOD viewing conditions.
MLTP,1995-04-04 10:46,23.5,24.0,23.0,7,EXCELLENT viewing conditions. Calm. High cirrus and stratus clouds. Some over sun. Warm and sunny.
MLTP,1995-05-02 11:53,21.0,21.5,20.5,6,Smooth ripples. Warm sun. No clouds in front of sun. GOOD-to-EXCELLENT viewing conditions. Heavy rains and moderate-strong SW winds the previous 3-4 days. A lot of storm debris (pine needles to logs from stream inflow) on the surface.
MLTP,1995-06-09 11:15,19.5,20.0,19.0,7,"Flat, calm. No clouds in front of sun. Warm. EXCELLENT viewing conditions."
MLTP,1995-07-06 10:30,17.0,18.0,16.0,0,Rough. Waves to 3 ft. Bright sun. Wind SW @ 15 kn.
MLTP,1995-08-08 11:24,19.5,20.0,19.0,6,Smooth swells. Light breeze. Bright sun. GOOD-to-EXCELLENT viewing conditions.
MLTP,1995-09-12 11:12,22.25,23.0,21.5,7,"Flat, calm. Warm, sunny. EXCELLENT viewing conditions. Lots of ""particles"" in the water in the reflected light above the Secchi disk (thought to be a ""bloom"" of rotifers!)."
MLTP,1995-10-10 11:15,26.25,26.5,26.0,7,"Flat, calm. Bright, warm sun. No clouds, but smoggy. EXCELLENT viewing conditions. ""Particles"" (rotifers?) still visible in Secchi disk reflected light."
MLTP,1995-11-02 10:24,29.5,30.0,29.0,7,"Flat, calm. Some cloud and sky reflection. No wind. Hazy sun. But EXCELLENT viewing conditions. (* Sun clouded over during DAH's reading.)"
MLTP,1995-12-06 10:49,29.5,30.0,29.0,7,Calm. Smooth swells. Bright sun. EXCELLENT viewing conditions. Strong SW winds @10-40 kn previous day.
MLTP,1996-01-02 11:08,27.0,27.5,26.5,7,Smooth swells. Calming down. No wind. Bright sun. EXCELLENT viewing conditions.
MLTP,1996-02-01 11:13,29.0,29.5,28.5,5,Smooth ripples. Bright sun. Clouds breaking up. SW breeze @1-3 kn. GOOD viewing conditions.
MLTP,1996-02-16 11:09,21.0,21.5,20.5,7,"Flat, calm. Sun in and out of 80% cloud cover. EXCELLENT viewing conditions."
MLTP,1996-03-07 11:52,31.5,32.0,31.0,7,Smooth ripples. Calm. Light cloud cover over sun. Warm. EXCELLENT viewing conditions. Two days of strong SW winds @20-30 kn (gusts to 70 kn) began 3 days prior. DAH got new eyeglasses.
MLTP,1996-03-19 11:05,28.0,28.5,27.5,7,"Flat, calm. Bright sun with some haze. EXCELLENT viewing conditions."
MLTP,1996-04-08 11:11,22.25,23.0,21.5,7,"Flat, calm. Warm, bright sun through high stratus and thin haze. No wind. Moderate smog in basin. EXCELLENT viewing conditions. Near-surface chlorophyll filters are being clogged by phytoplankton."
MLTP,1996-05-10 10:54,22.0,22.5,21.5,7,"Flat, calm. Bright sun. No wind. EXCELLENT viewing conditions."
MLTP,1996-06-04 10:56,22.25,23.0,21.5,7,"Flat, calm. Bright, warm sun but quite smoggy. No wind. EXCELLENT viewing conditions."
MLTP,1996-07-11 10:08,20.0,20.5,19.5,7,"Flat, calm. Warm, bright sun. Moderate-to-heavy in-basin smog. EXCELLENT viewing conditions. Lots of zooplankton visible above Secchi disk in the white reflection."
MLTP,1996-08-08 10:40,25.25,25.5,25.0,7,"Flat, calm. Bright, warm sun. Light haze. EXCELLENT viewing conditions. Smoky in basin from 6000+ acre Belli Ranch fire SW of Reno."
MLTP,1996-09-09 11:21,23.5,24.0,23.0,7,Calm. Warm. Sunny. No clouds. Moderate in-basin smog. EXCELLENT viewing conditions.
MLTP,1996-10-07 10:37,25.75,26.5,25.0,7,"Flat, calm. Warm sun. No clouds but smoky from controlled burns in progress at Sugar Pine Pt. State Park. EXCELLENT viewing conditions."
MLTP,1996-11-08 10:41,24.0,24.5,23.5,7,"Flat, calm. Bright sun with no clouds over it. Very smoky in basin from many USFS controlled burns. EXCELLENT viewing conditions."
MLTP,1997-01-27 11:15,25.5,26.0,25.0,6,No wind. Calm. Sky 100% covered with high stratus. Weak sun. GOOD-to-EXCELLENT viewing conditions during RCR's reading.
MLTP,1997-02-10 14:00,22.25,23.0,21.5,6,Smooth ripples from east. Cool. No clouds over sun. Sun angle fairly low and to the west. GOOD-to-EXCELLENT viewing conditions.
MLTP,1997-03-12 09:05,20.5,21.0,20.0,4,Waves and whitecaps from SW. 1-2 ft. swells. Bright sun. Wind increasing to 15 kn. FAIR-to-GOOD viewing conditions.
MLTP,1997-04-04 10:08,18.0,18.5,17.5,5,Waves ~1-1.5 ft. from NW with breeze @~5 kn and ripples. Bright sun. No clouds. Light smog. GOOD viewing conditions.
MLTP,1997-05-07 10:36,18.5,19.0,18.0,6,"Warm, bright sun. No clouds. Light west breeze and ripples. GOOD-to-EXCELLENT viewing conditions."
MLTP,1997-06-02 10:58,21.5,22.0,21.0,7,"Flat, calm. No wind or ripples. Bright, warm sun. Water looks ""cloudy"". EXCELLENT viewing conditions. Black matte-finish 60 cm diameter Secchi disk used for the first time on an MLTP."
MLTP,1997-07-03 10:47,21.25,22.0,20.5,7,"Light, warm westerly breeze and ripples. Clear sky. EXCELLENT viewing conditions."
MLTP,1997-08-04 11:04,25.0,25.5,24.5,7,"Flat, calm. Bright, warm sun. No wind or clouds. Smoggy. EXCELLENT viewing conditions."
MLTP,1997-09-05 10:50,23.5,24.0,23.0,7,"EXCELLENT viewing conditions. Warm. Sunny; sun bright between clouds. A few ripples. Lots of dead zooplankton on surface. Black disk actually ""disappears"" more quickly when sun coming under the boat strikes it when it's being lowered on the shady side!"
MLTP,1997-10-08 10:17,23.0,23.5,22.5,5,Smooth 1-ft swells. Sun in and out behind gathering clouds. Light SW breezes. GOOD viewing conditions.
MLTP,1997-11-03 10:43,26.75,27.0,26.5,7,"Flat, calm. 85% high stratus. Sun behind clouds. Warm. EXCELLENT viewing conditions. Wood and prescribed burn smoke."
MLTP,1997-12-05 11:54,17.5,18.0,17.0,3,Smooth swells ~1 ft. but no sun visible. Light breezes. Snowing lightly. FAIR viewing conditions.
MLTP,1998-01-14 12:35,15.0,16.0,14.0,3,Rough with ~2-ft. waves. Snowing with ~10 kn wind. Visibility ~300 yd. No sun. FAIR viewing conditions.
MLTP,1998-02-10 10:51,20.0,21.0,19.0,3,"Lots of sky reflection. Snowing lightly. Wind SW @10 kn with 1-2 ft. waves. FAIR viewing conditions (""terrible"" according to DAH)."
MLTP,1998-03-04 11:20,33.25,33.5,33.0,7,"Flat, calm. Bright sun, but cool. No clouds. EXCELLENT viewing conditions."
MLTP,1998-04-17 11:55,24.5,25.0,24.0,7,"Flat, calm. Cool and sunny. No wind or clouds. EXCELLENT viewing conditions."
MLTP,1998-05-05 10:45,18.5,19.0,18.0,5,West wind @2-3 kn with 0.5 ft. waves. Sun intermittent. Cool. Some cloud sky reflection. GOOD viewing conditions.
MLTP,1998-06-09 11:34,19.25,20.0,18.5,5,GOOD viewing conditions. Sunny. No clouds. SW breeze. Clouds gathering for afternoon thunderstorms.
MLTP,1998-07-07 11:41,20.5,21.0,20.0,7,"Flat, calm. Warm and sunny. EXCELLENT viewing conditions."
MLTP,1998-08-04 12:00,22.5,23.0,22.0,7,EXCELLENT viewing conditions. Warm. Calm. Cloudless with smooth swells.
MLTP,1998-10-07 11:38,18.5,19.0,18.0,4,Rough! Waves ~2-2.5 ft with SW wind @15 kn and whitecaps. FAIR-to-GOOD viewing conditions. Decided to abort black Secchi readings due to large swells which would have collapsed it!
MLTP,1998-11-02 12:16,21.75,22.0,21.5,7,EXCELLENT viewing conditions. Water is a greenish-blue. No clouds. Bright sun. Ripples. Smoky (moderate) from in-basin prescribed burns.
MLTP,1998-12-08 11:01,16.5,17.0,16.0,4,Water has a greenish tinge to it. Cool. Sunny. SW wind @10 kn. Waves and swells 2 ft. FAIR-to-GOOD viewing conditions.
MLTP,1999-01-07 11:07,22.5,23.0,22.0,7,"Flat, calm. Bright sun. Warming. EXCELLENT viewing conditions. There are a lot of ""particles"" in the shallow water light reflection between the white Secchi and the observer. Most likely, it is another bloom of Uroglenopsis?"
MLTP,1999-02-03 11:02,31.0,31.5,30.5,6,"Flat, calm. Cloud cover breaking up. Cool. GOOD-to-EXCELLENT viewing conditions. There are still ""particles"" reflected over the white Secchi disk in shallow water."
MLTP,1999-03-02 11:51,31.25,32.5,30.0,7,EXCELLENT viewing conditions. Smooth ripples. Light easterly breeze. Sunny. Cool. No clouds.
MLTP,1999-04-02 09:56,33.5,34.0,33.0,7,Smooth swells. Sunny and cool. Wind has stopped. EXCELLENT viewing conditions. Lake may still be mixing given the good transparency values and low water temperatures. This is unusual!
MLTP,1999-05-04 10:35,17.5,18.0,17.0,4,West wind @5-10 kn. Whitecaps 1.5 ft. Sunny and cool. FAIR-to-GOOD viewing conditions.
MLTP,1999-06-04 11:08,12.25,13.0,11.5,3,"NW wind @10-15 kn. A cold, light rain. No sun. Waves 1.5 ft. Only FAIR viewing conditions. Much sky reflection. Too rough to take ""black"" Secchi depth reading."
MLTP,1999-07-07 11:12,19.5,20.0,19.0,4,SW winds @5-10 kn. Clear and sunny. Waves ~1.5 ft. FAIR-to-GOOD viewing conditions.
MLTP,1999-08-04 11:13,20.5,21.0,20.0,7,"Smooth swells. Warm, bright sun. No clouds. EXCELLENT viewing conditions. Patty Bucknell's first Secchi readings."
MLTP,1999-09-13 14:20,19.5,20.0,19.0,5,GOOD viewing conditions initially but deteriorating rapidly as cumulus clouds move in and SW breeze picks up. FAIR viewing conditions for black Secchi reading. Clouds moving in. Ripples. Moderate-to-heavy in-basin smoke and haze.
MLTP,1999-10-07 14:40,22.5,23.0,22.0,7,"Smooth swells. Sunny, warm. No wind or clouds. Little smog. EXCELLENT viewing conditions."
MLTP,1999-11-04 11:34,23.0,24.0,22.0,7,"Flat, calm. Warm, cloudless and sunny. EXCELLENT viewing conditions. Moderate-to-heavy in-basin smog from controlled burns. A forest fire became visible over the southern horizon at ~1100 near Carson Pass."
MLTP,1999-12-14 11:21,19.0,19.5,18.5,5,Smooth swells. Low sunlight due to increasing cloud cover and much sky reflection. GOOD viewing conditions.
MLTP,2000-01-19 13:13,26.75,27.5,26.0,5,Starting to get rough. South wind increasing to 15 kn under cloudy skies (95%) with snow showers approaching. GOOD viewing conditions.
MLTP,2000-02-08 11:40,22.25,22.5,22.0,7,EXCELLENT viewing conditions. Sun now shining. Calm. Light breezes and small swells.
MLTP,2000-03-07 11:51,18.5,19.0,18.0,3,Only FAIR viewing conditions due to 2.5 ft. waves. Total cloud cover. Wind SW @ 10-15 kn and approaching snow.
MLTP,2000-04-04 12:15,17.0,17.5,16.5,5,"Water a cloudy, blue-green. ~30% cumulus clouds. Some sky reflection from patchy clouds. GOOD viewing conditions."
MLTP,2000-05-02 11:31,20.0,20.5,19.5,7,Calm. Warm. Sunny. EXCELLENT viewing conditions. Water blue. No clouds. Light smog.
MLTP,2000-06-12 11:34,19.0,19.5,18.5,5,Hazy sun but GOOD viewing conditions except for high cloud cover sky reflections. Light SW breeze and ripples.
MLTP,2000-07-06 11:16,20.5,21.0,20.0,0,A nice day! Cool. Mostly clear. Moderate in-basin smog.
MLTP,2000-08-11 12:08,23.0,23.5,22.5,7,"No wind. Flat, calm. Warm, sunny. No clouds. Light in-basin smog. EXCELLENT viewing conditions."
MLTP,2000-09-05 13:24,22.0,22.5,21.5,7,"EXCELLENT viewing conditions. Warm, bright sun. Calm. No clouds over sun."
MLTP,2000-10-06 11:16,26.25,26.5,26.0,7,EXCELLENT viewing conditions. Warm. Calm. Cloudless but with moderate to heavy in-basin smog.
MLTP,2000-12-05 11:23,23.75,24.5,23.0,7,"Flat, calm. Some cloud cover. Sun finally breaking through clouds. EXCELLENT viewing conditions. No wind."
MLTP,2001-01-03 11:15,23.9,24.8,23.0,7,"Flat, calm. Sunny. No clouds. Warming. EXCELLENT viewing conditions."
MLTP,2001-02-01 11:17,26.0,26.5,25.5,7,"Flat, calm. Cool. Hazy sun. EXCELLENT viewing conditions. Some high, thin stratus. Sky reflection."
MLTP,2001-03-07 12:10,26.0,26.0,26.0,6,"Warm, sunny. No clouds over sun. West breeze and ripples. GOOD-to-EXCELLENT viewing conditions. Tina Hammell's first Secchi readings."
MLTP,2001-04-12 13:22,22.0,22.5,21.5,7,EXCELLENT viewing conditions. Moderately strong sun through 100% high stratus. Calm.
MLTP,2001-05-04 11:40,22.5,23.0,22.0,7,"Flat, calm. Warm, sunny. Cloudless. Light smog. EXCELLENT viewing conditions. Water is blue but ""cloudy"" (due to rotifers??)."
MLTP,2001-06-07 11:37,27.0,27.5,26.5,7,"Water seems quite clear. Warm, sunny. Flat, calm. EXCELLENT viewing conditions. Some pollen on the surface. Black Secchi readings may be the deepest we've gotten? (almost-PAA)"
MLTP,2001-07-02 12:29,28.5,29.0,28.0,7,"Flat, calm. ""Hot"" and sunny. No clouds. EXCELLENT viewing conditions. Lake is clearing up early this year due to low precipitation levels and runoff."
MLTP,2001-08-02 12:25,26.25,26.5,26.0,6,Smooth swells. Warm and sunny. GOOD-to-EXCELLENT viewing conditions. No clouds.
MLTP,2001-09-04 11:30,28.5,29.0,28.0,7,Light NE breeze with ripples. Warm and sunny. No clouds overhead. EXCELLENT viewing conditions.
MLTP,2001-10-05 10:22,22.5,23.0,22.0,5,"High, moderate cloud cover. Flat, calm. GOOD viewing conditions. Hazy sun."
MLTP,2001-11-02 12:07,24.0,24.5,23.5,5,"High, moderate, full cloud cover and hazy sun. Cool. Calm. GOOD viewing conditions."
MLTP,2001-12-11 14:43,24.5,25.0,24.0,4,Smooth ripples. Sun not visible. Sky almost 100% overcast. Low sun angle. FAIR-to-GOOD viewing conditions.
MLTP,2002-01-07 00:00,22.0,22.5,21.5,4,Large swells about 2.5 ft. Mostly cloudy with sun breaks. SW breeze @5 kn. FAIR-to-GOOD conditions.
MLTP,2002-02-04 12:21,27.0,28.0,26.0,7,"Flat, calm. Sunny, warm. No wind or clouds. Moderate smog. EXCELLENT viewing conditions."
MLTP,2002-03-04 11:57,24.0,24.5,23.5,7,"Flat, calm. Sunny. No clouds over sun. Moderate in-basin smog. EXCELLENT viewing conditions."
MLTP,2002-04-02 12:27,26.75,27.5,26.0,7,Warm. Sunny. Calm. Cloudless. Moderate-to-light smog. EXCELLENT viewing conditions.
MLTP,2002-05-02 12:07,23.5,24.0,23.0,5,Light breeze from the south. Sunny. No clouds near sun. Ripples. GOOD viewing conditions.
MLTP,2002-06-04 11:39,25.0,25.5,24.5,7,"Calm. Smooth swells. Warm and sunny. High, thin stratus. EXCELLENT viewing conditions. Lots of algae in zooplankton sample."
MLTP,2002-07-01 11:56,27.25,27.5,27.0,7,Warm. Calm. Sunny. No clouds. Light smog. EXCELLENT viewing conditions. Some algae in zooplankton sample.
MLTP,2002-08-21 12:40,26.5,27.0,26.0,7,"Smooth swells. Warm, sunny. Light breezes and ripples. EXCELLENT viewing conditions. Lake calming after strong SW winds yesterday. Smoky."
MLTP,2002-09-11 12:38,28.75,29.0,28.5,7,"EXCELLENT viewing conditions. Warm, sunny. Flat, calm. Cloudless. Repainted black Secchi disk before LTP 1166 on 9-Sep-02."
MLTP,2002-10-03 13:41,23.5,24.0,23.0,5,Smooth. Sunny. No clouds over sun; cirrus elsewhere. GOOD viewing conditions.
MLTP,2002-11-04 12:37,24.5,25.0,24.0,7,"EXCELLENT viewing conditions. Low sun angle. Calm. No clouds. Warm, bright sun. Some smog."
MLTP,2002-12-03 13:15,25.0,25.5,24.5,7,"Flat, calm. Sunny. Light, in-basin smog. Cloudless. Low sun angle. EXCELLENT viewing conditions."
MLTP,2003-01-07 12:10,24.0,24.5,23.5,7,"Flat, calm. Cool. Cloudless. Sunny. EXCELLENT viewing conditions."
MLTP,2003-02-04 13:48,17.0,17.5,16.5,3,Waves 3-4 ft. North wind @15-20 kn. Sky clear. Only FAIR viewing conditions. Cold and sunny. Decided not to do black Secchi reading due to large swells which would have probably bent the disk!
MLTP,2003-03-12 10:27,20.0,20.5,19.5,5,Ripples from NE breeze. Some sky reflection from 80% cloud cover. GOOD viewing conditions. Moderately sunny.
MLTP,2003-04-10 11:09,26.5,27.0,26.0,7,"Flat, calm. Sunny with some cumulus (not over sun). EXCELLENT viewing conditions."
MLTP,2003-05-01 11:17,17.5,18.0,17.0,4,Ripples and 1-ft swells from SE. Weak sun through 100% high overcast. Much surface reflection. FAIR-to-GOOD viewing conditions.
MLTP,2003-06-04 12:26,18.5,19.0,18.0,5,"NW breeze @2-3 kn. Warm, sunny. Ripples and pollen at surface. GOOD viewing conditions."
MLTP,2003-07-08 12:00,24.25,24.5,24.0,7,"EXCELLENT viewing conditions: warm, sunny, and cloudless. Light, in-basin smog. Smooth, small SW swells. Lake appears to have cleared up after the spring runoff and is a clearer, darker blue."
MLTP,2003-08-04 11:50,24.75,25.0,24.5,6,GOOD-to-EXCELLENT viewing conditions. Small ripples and light breeze from the west. Sunny.
MLTP,2003-09-04 12:37,22.25,22.5,22.0,7,EXCELLENT viewing conditions until sun went behind a thunderhead for PJB's reading. PJB wasn't able to do the black Secchi reading.
MLTP,2003-10-07 11:02,22.75,23.0,22.5,7,"Calm. Warm, sunny. No wind or waves. Cloud cover ~30% high, thin cumulus. EXCELLENT viewing conditions. A nice, fall day! Sun angle is lowering."
MLTP,2003-11-10 11:45,21.25,21.5,21.0,5,Waves 1 ft from SE. Breeze @3-5 kn. Cool. Sunny. Cloud cover 30%. GOOD viewing conditions. Low sun angle.
MLTP,2003-12-08 12:22,24.0,24.5,23.5,7,"Calm. Smooth, SE swells. Sunny and cool. No clouds. Light smog. EXCELLENT viewing conditions. Low sun angle. A cool, wintry day, but nice."
MLTP,2004-02-05 11:57,23.0,24.0,22.0,3,Rough and cold with NE winds @10 kn. Whitecaps. Waves 2.5 ft. FAIR viewing conditions. Sunny.
MLTP,2004-03-04 12:48,26.5,27.0,26.0,5,"SE wind @5 kn. 1-ft waves. Mostly sunny. Cool. High, thin clouds. GOOD viewing conditions."
MLTP,2004-03-31 11:00,16.25,16.5,16.0,5,Small waves increasing quickly. SW wind picking up @5-15 kn. Sunny and warm. GOOD viewing conditions. Water appears cloudy over the Secchi disk (algal bloom?).
MLTP,2004-05-03 10:05,20.0,20.5,19.5,7,"Flat, calm. Warm. Sunny. Cloudless. Smoggy with some particulate ""dust"" on surface. EXCELLENT viewing conditions."
MLTP,2004-06-11 11:14,23.25,24.0,22.5,7,"Smooth, small swells. Warm and sunny. No clouds over sun. EXCELLENT viewing conditions."
MLTP,2004-07-07 11:05,23.0,23.5,22.5,5,Ripples becoming 1-ft waves as SW wind is coming up. Sunny with high overcast. GOOD viewing conditions.
MLTP,2004-08-09 12:48,22.5,23.0,22.0,5,"Light breeze and ripples from the NE. Warm, bright sun. GOOD viewing conditions."
MLTP,2004-09-07 11:11,24.25,24.5,24.0,7,"Flat, calm. Warm. Sunny. Moderate smog. No clouds. EXCELLENT viewing conditions."
MLTP,2004-10-16 10:31,23.0,23.5,22.5,5,Smooth swells. Calm. Heavy smoke in basin is hampering readings. GOOD viewing conditions except for smoke.
MLTP,2004-11-12 13:07,16.75,17.0,16.5,0,SE wind causing swell and chop to 1.5 ft. Cloud cover 80% with surface reflection.
MLTP,2004-12-14 11:45,22.75,23.0,22.5,7,"Flat, calm. Very few clouds and bright sun. EXCELLENT viewing conditions."
MLTP,2005-01-13 13:28,25.5,26.0,25.0,7,Flat and calm with 100% cloud cover. EXCELLENT viewing conditions.
MLTP,2005-02-11 12:40,27.0,27.5,26.5,6,"Flat, calm. Cloud cover 100%. VERY GOOD viewing conditions."
MLTP,2005-04-14 12:33,23.5,24.0,23.0,0,"Flat and calm with clear sky for observer BCA. Light N breeze for observer TLH. Small, surface waves."
MLTP,2005-05-02 11:45,21.0,21.5,20.5,6,"Flat, calm. High, thin cloud cover ~60%. VERY GOOD viewing conditions."
MLTP,2005-06-13 12:10,19.25,19.5,19.0,7,"Bright sun and no wind. Flat, calm. EXCELLENT conditions."
MLTP,2005-07-08 11:31,21.0,21.5,20.5,0,"Smooth, NE swells. Bright sun. Light, in-basin haze. NE breeze @~2 kn."
MLTP,2005-08-09 11:49,19.75,20.5,19.0,0,Light breeze causing small surface ripple. Bright sun and no clouds.
MLTP,2005-09-07 10:51,24.0,24.5,23.5,0,"No remarks! [from ""Current Weather"" observations: Calm. Warming. Sunny. Light-to-moderate in-basin smog. No clouds, wind, or waves.]"
MLTP,2005-10-10 11:55,20.75,21.0,20.5,5,"Smooth, SE swells and ripples. Water is a cloudy, blue-green color. GOOD viewing conditions. Sunny and clear."
MLTP,2005-11-10 12:26,20.0,20.5,19.5,6,"Flat, calm. Bright sun. About 30% cloud cover over the lake. VERY GOOD viewing conditions."
MLTP,2005-12-06 12:22,19.5,20.0,19.0,6,"Flat, calm. No wind. Bright sun. Cloud cover 30%. VERY GOOD viewing conditions."
MLTP,2006-02-03 11:40,24.75,25.0,24.5,7,"Flat, calm. No surface ripples. Minimal clouds. Bright sun. EXCELLENT viewing conditions."
MLTP,2006-03-08 12:00,29.5,30.0,29.0,7,"Flat, calm surface. High, thin clouds. EXCELLENT viewing conditions."
MLTP,2006-04-13 11:20,25.5,26.0,25.0,7,"Flat, calm. Cloudless sky. EXCELLENT conditions."
MLTP,2006-05-05 12:12,19.0,19.5,18.5,7,"Flat, calm with bright sun. EXCELLENT viewing conditions."
MLTP,2006-06-07 11:42,17.0,17.5,16.5,6,"Flat, calm with high, thin cloud cover. VERY GOOD viewing conditions."
MLTP,2006-07-17 12:15,19.0,19.25,18.75,7,"Flat, calm. Few boat wakes. Bright sun and clear sky. EXCELLENT conditions."
MLTP,2006-08-02 11:38,20.0,21.0,19.0,7,Bright sun and clear sky. Some boat wakes. No wind. EXCELLENT viewing conditions.
MLTP,2006-09-05 13:03,20.5,21.0,20.0,6,"Small, surface ripple. Bright sun with few small clouds. VERY GGOD viewing conditions."
MLTP,2006-10-03 12:10,25.5,26.0,25.0,7,"Flat, calm with bright sun. EXCELLENT viewing conditions."
MLTP,2006-11-07 11:00,26.25,27.0,25.5,7,"Flat, calm. Bright sun. EXCELLENT viewing conditions."
MLTP,2006-12-05 11:56,21.0,21.5,20.5,7,"Flat, calm. Very small surface ripple. Bright sun. No clouds. EXCELLENT conditions."
MLTP,2007-01-08 11:45,23.0,23.5,22.5,7,"Calm, bright sun. No surface disturbance. EXCELLENT viewing conditions. Brant Allen was sick and needed to return to port for a radio interview."
MLTP,2007-02-05 11:35,28.5,29.0,28.0,6,Calm. Thin cloud cover 100%; sun shining through. VERY GOOD conditions.
MLTP,2007-03-05 12:17,28.5,29.0,28.0,5,"NE breeze to 5 mph. Small, surface waves. Cloud cover 60%. GOOD conditions."
MLTP,2007-04-06 11:02,19.75,20.0,19.5,7,"Bright sun. Few, high clouds. Flat, calm surface. EXCELLENT viewing conditions."
MLTP,2007-05-10 13:24,22.25,22.5,22.0,5,Calm. No waves. Small riffles from breeze. Clear skies. GOOD conditions.
MLTP,2007-06-08 11:52,18.75,19.0,18.5,5,"Wind 5-10 mph. Small, surface waves. Lots of reflection. Bright sun. No clouds. GOOD conditions."
MLTP,2007-07-09 11:50,21.625,22.0,21.25,7,"Flat, calm. Heavy smoke. Filtered, bright sun. EXCELLENT conditions."
MLTP,2007-08-01 13:03,23.625,24.0,23.25,7,"Flat, calm. Bright sun. No clouds overhead. EXCELLENT viewing conditions."
MLTP,2007-09-07 12:07,20.5,21.0,20.0,6,Small surface waves. No clouds. Bright sun. Smokey sky. VERY GOOD conditions.
MLTP,2007-10-11 13:35,21.5,22.0,21.0,5,Calm. GOOD viewing conditions.
MLTP,2007-11-13 12:37,19.75,20.5,19.0,5,Partly cloudy. Sun out. Surface waves to 0.5 ft. GOOD conditions.
MLTP,2007-12-13 11:53,21.25,21.5,21.0,7,"Flat, calm. Mostly clear sky. Sunny. EXCELLENT viewing conditions."
MLTP,2008-01-15 11:50,21.0,21.5,20.5,3,"Small, surface waves. Sunny. FAIR conditions."
MLTP,2008-02-05 12:04,38.5,39.0,38.0,7,"Perfect. Flat, calm. Bright sun. Record reading for Brant Allen!"
MLTP,2008-05-29 12:09,12.625,13.0,12.25,6,"Sun behind heavy cloud cover. Flat, calm surface. VERY GOOD conditions."
MLTP,2008-07-18 12:01,14.25,14.5,14.0,7,"Flat, calm surface. No wind. Clear sky (no smoke) and bright sun. EXCELLENT conditions."
MLTP,2008-08-26 12:18,15.5,16.0,15.0,6,Clear sky overhead. Bright sun. Small surface waves. Light winds. VERY GOOD conditions.
MLTP,2008-09-11 12:13,19.625,20.0,19.25,7,"EXCELLENT. Flat, calm. No wind. No clouds. Bright sun."
MLTP,2008-10-24 11:47,21.0,21.5,20.5,7,"Bright sun. No clouds. Flat, calm surface. EXCELLENT conditions."
MLTP,2008-11-17 11:51,21.0,21.5,20.5,7,"Bright sun. Flat, calm surface. No wind. EXCELLENT viewing conditions."
MLTP,2009-01-28 12:25,24.9,25.3,24.5,7,"Flat, calm. No clouds. Bright sun. EXCELLENT conditions."
MLTP,2009-03-11 12:57,29.05,29.5,28.6,7,"Bright sun behind high, thin clouds. Calm surface. EXCELLENT conditions. Clear water!"
MLTP,2009-04-21 12:32,21.85,22.2,21.5,7,"Flat, calm surface. Bright sun. No cloud cover. EXCELLENT conditions."
MLTP,2009-05-27 12:19,22.5,23.0,22.0,7,"Flat, calm surface. No wind. Bright sun. No clouds overhead. EXCELLENT conditions."
MLTP,2009-06-15 11:55,22.625,23.0,22.25,7,"Bright sun. Few high, thin clouds. Light breeze. Small surface ripple. EXCELLENT conditions."
MLTP,2009-08-28 13:08,17.5,17.75,17.25,6,High clouds. Bright sun. Lots of smoke. Very light breeze (
MLTP,2009-09-28 11:52,23.0,23.5,22.5,6,"Bright sun behind high, thin clouds. Calm surface; just a few ripples. VERY GOOD conditions."
MLTP,2009-10-30 11:00,20.0,20.25,19.75,7,"Flat, calm. Bright sun. No clouds. No wind. EXCELLENT conditions."
MLTP,2009-12-01 12:16,20.625,21.0,20.25,6,"Sun behind high, thin clouds. No wind. Flat, calm surface. VERY GOOD conditions."
MLTP,2010-01-08 12:26,19.0,19.25,18.75,6,"Flat, calm. No sun. Cloud cover 100%. VERY GOOD conditions."
MLTP,2010-02-01 12:25,23.0,23.5,22.5,5,Cloud cover 100%. Light breeze. Small surface ripple. GOOD conditions.
MLTP,2010-03-11 12:45,25.0,25.5,24.5,0,[none recorded]
MLTP,2010-05-07 12:35,18.0,18.5,17.5,7,"Flat, calm surface. Bright sun. No clouds. EXCELLENT conditions."
MLTP,2010-06-21 12:57,12.5,13.0,12.0,5,"Bright sun. Few high, thin clouds. NW wind @5+ mph. Small surface waves. GOOD conditions. The Secchi reading was very poor; one of the lowest readings I have ever had."
MLTP,2010-07-28 12:20,13.5,14.0,13.0,6,Bright sun. No clouds. Small surface waves. VERY GOOD conditions.
MLTP,2010-08-24 12:00,18.5,19.0,18.0,7,"Bright sun. No clouds. Flat, calm surface. EXCELLENT conditions."
MLTP,2010-09-28 12:50,19.5,20.0,19.0,7,"Bright sun. No clouds. Calm winds. Flat, calm surface. EXCELLENT conditions."
MLTP,2010-12-15 13:10,23.0,23.5,22.5,7,"Bright sun. No clouds. Flat, calm surface. EXCELLENT conditions."
MLTP,2011-01-12 12:44,22.25,22.5,22.0,3,"Sun behind high, thin clouds. 1-ft waves. Lots of surface reflection. FAIR conditions."
MLTP,2011-03-09 09:50,26.6,27.0,26.2,6,"Sun behind high, thin clouds. Small surface ripple. Light winds ("
MLTP,2011-04-12 12:13,21.0,21.5,20.5,6,Bright sun. No clouds. Light winds. Small surface waves. VERY GOOD conditions.
MLTP,2011-05-13 12:25,20.5,21.0,20.0,7,"Bright sun. Flat, calm surface. EXCELLENT conditions."
MLTP,2011-06-07 13:22,17.5,18.0,17.0,7,"Bright sun. No clouds. Flat, calm surface. EXCELLENT conditions."
MLTP,2011-07-05 12:36,15.5,16.0,15.0,7,Bright sun. Calm winds. Boat wakes. EXCELLENT conditions.
MLTP,2011-09-07 13:03,17.5,18.0,17.0,7,"Bright sun. Few, high, thin clouds. No wind. No waves. EXCELLENT conditions. Secchi seems to be improving."
MLTP,2011-09-28 12:06,19.5,20.0,19.0,7,"Bright sun. No clouds. Flat, calm surface. EXCELLENT conditions."
MLTP,2011-11-09 12:30,21.5,22.0,21.0,7,"Bright sun behind thin clouds. Flat, calm surface. No wind. EXCELLENT conditions."
MLTP,2011-12-14 12:10,27.5,28.0,27.0,7,Bright sun. No clouds. Light wind. Small surface ripple. EXCELLENT conditions.
MLTP,2011-12-27 11:39,20.75,21.5,20.0,5,Bright sun. No clouds. Waves to 0.5 ft. Some boat drift. GOOD conditions.
MLTP,2012-01-09 12:05,25.0,25.5,24.5,7,"Bright sun. No clouds. No wind. Flat, calm surface. EXCELLENT conditions."
MLTP,2012-02-07 12:19,24.0,24.5,23.5,6,"Cloud cover 100%. No sun. Flat, calm surface. Good contrast. VERY GOOD conditions."
MLTP,2012-03-02 10:54,29.5,30.0,29.0,7,"Flat, calm surface. No clouds over sun. No wind. EXCELLENT conditions. Secchi reading preceded by several days of stormy weather and some big winds (possible upwelling; more so at the Index Station e.g. LTP-1408 3/2/12 Secchi = 32.75 m)."
MLTP,2012-04-03 12:22,25.5,26.0,25.0,7,"Bright sun. High, thin clouds. Flat, calm surface. EXCELLENT conditions."
MLTP,2012-05-15 12:43,22.25,22.5,22.0,7,"Bright sun. No clouds. Flat, calm surface. EXCELLENT conditions. Secchi depth remains very good."
MLTP,2012-06-15 12:05,19.0,19.5,18.5,5,Bright sun. No clouds. North wind @5-10 mph. Surface waves 1 ft. GOOD conditions.
MLTP,2012-07-24 12:02,19.0,19.5,18.5,6,Bright sun. No clouds. Light winds. Small surface waves. VERY GOOD conditions.
MLTP,2012-08-23 12:16,23.5,24.0,23.0,7,"Bright sun. No clouds. Smoke haze over the lake. No wind. Flat, calm surface. EXCELLENT conditions."
MLTP,2012-10-02 12:45,23.5,24.0,23.0,7,"Bright sun. No clouds. Calm wind. Flat, calm surface. EXCELLENT conditions."
MLTP,2012-10-18 12:50,22.5,23.0,22.0,7,"Bright sun. No clouds. Calm wind. Flat, calm surface. EXCELLENT conditions."
MLTP,2012-11-15 12:15,20.75,21.5,20.0,6,"Partly cloudy. Sun in and out of clouds. No wind. Flat, calm surface. VERY GOOD conditions."
MLTP,2012-12-10 12:25,19.5,20.0,19.0,7,"Bright sun. Few, high thin clouds. Flat, calm surface. EXCELLENT conditions."
MLTP,2013-01-24 12:09,22.0,22.5,21.5,6,"Cloud cover 100%. No wind. Flat, calm surface. Lots of surface reflection. VERY GOOD conditions."
MLTP,2013-02-27 12:15,27.5,28.0,27.0,7,"Bright sun behind high, thin clouds. No wind. Flat, calm surface. EXCELLENT conditions."
MLTP,2013-03-29 12:22,20.5,21.0,20.0,6,"Bright sun. High, thin clouds. Light wind. Surface ripple. VERY GOOD conditions."
MLTP,2013-04-18 12:55,16.5,17.0,16.0,6,Bright sun. No clouds. Light wind. Small surface waves. VERY GOOD conditions.
MLTP,2013-05-30 12:52,18.5,19.0,18.0,5,Bright sun. No clouds. Wind 5-10 mph. Small waves. GOOD conditions.
MLTP,2013-06-20 12:42,18.0,18.5,17.5,0,[no comments recorded]
MLTP,2013-07-15 12:59,17.5,18.0,17.0,6,Partly cloudy with clouds moving past the sun. Very light wind. Small surface ripple. VERY GOOD conditions.
MLTP,2013-08-09 11:45,22.5,23.0,22.0,6,Bright sun. No clouds overhead. No wind. Boat wakes. VERY GOOD conditions.
MLTP,2013-09-23 12:33,22.5,23.0,22.0,7,"Bright sun. No clouds. Flat, calm surface. EXCELLENT conditions."
MLTP,2013-10-14 12:20,23.0,24.0,22.0,7,Bright sun. No clouds. Light winds. Calm surface. EXCELLENT conditions.
MLTP,2013-12-23 12:29,26.5,27.0,26.0,7,"Bright sun. No clouds. No wind. Flat, calm surface. EXCELLENT conditions."
MLTP,2014-01-17 12:24,23.5,24.0,23.0,7,"Bright sun. No clouds. Calm wind. EXCELLENT conditions. Flat, calm surface."
MLTP,2014-03-20 11:44,24.5,25.0,24.0,6,Bright sun. No clouds over sun. Light wind @5 mph. Waves
MLTP,2014-04-07 12:37,26.0,26.5,25.5,7,"Bright sun. No clouds. Calm wind. Flat, calm surface. EXCELLENT conditions."
MLTP,2014-05-07 12:40,23.0,24.0,22.0,3,Mostly cloudy with sun behind large cloud. Breezy with 0.5-ft waves and boat drift. FAIR conditions.
MLTP,2014-06-19 12:15,28.0,28.5,27.5,7,Bright sun. No clouds. Calm wind. Boat wakes. EXCELLENT conditions.
MLTP,2014-07-01 12:12,28.5,29.0,28.0,7,Bright sun. No cloud cover. Calm wind. Some boat wakes. EXCELLENT conditions.
MLTP,2014-07-31 12:29,23.5,24.0,23.0,6,Bright sun. No cloud cover. Light winds. Small surface ripple. VERY GOOD conditions.
MLTP,2014-08-21 12:12,23.0,23.5,22.5,6,Bright sun. No clouds. Very light wind. Some surface ripple. VERY GOOD conditions.
MLTP,2014-09-19 12:15,21.5,22.0,21.0,5,Sunny with smoke haze. Light wind. Waves to 1.0 ft. GOOD conditions.
MLTP,2014-10-21 12:25,22.5,23.0,22.0,7,"Bright sun. No cloud cover. Light winds. Flat, calm surface. EXCELLENT conditions."
MLTP,2014-11-18 11:52,24.5,25.0,24.0,7,Sun behind thin clouds. Calm wind. No waves. EXCELLENT conditions.
MLTP,2014-12-22 11:58,19.25,19.5,19.0,3,Waves to 1 ft. Sunny. Breezy. FAIR conditions.
MLTP,2015-01-28 11:59,20.625,21.0,20.25,7,"Bright sun. No cloud cover. No wind. Flat, calm surface. EXCELLENT conditions."
MLTP,2015-02-11 12:24,21.75,22.0,21.5,7,"Sun behind thin cloud layer. Calm wind. Flat, calm surface. EXCELLENT conditions."
MLTP,2015-03-30 12:20,25.0,25.5,24.5,7,"Thin cloud layer. Calm winds. Flat, calm surface. EXCELLENT conditions."
MLTP,2015-04-21 12:02,24.625,25.0,24.25,6,"Cloud cover. Calm wind. Flat, calm surface. VERY GOOD conditions."
MLTP,2015-05-29 12:45,22.625,23.0,22.25,7,Bright sun. Thin cloud cover. Light wind. Small surface ripple. EXCELLENT conditions.
MLTP,2015-06-15 11:35,24.125,24.75,23.5,7,"Bright sun. No clouds. Calm wind. Flat, calm surface. EXCELLENT conditions."
MLTP,2015-07-15 12:34,23.25,24.0,22.5,6,Bright sun. Few clouds. Light wind. Waves to 0.5 ft. VERY GOOD conditions.
MLTP,2015-08-03 12:19,21.5,22.0,21.0,6,Bright sun. No clouds. Light wind. Small waves. VERY GOOD conditions.
MLTP,2015-09-23 12:39,20.5,21.0,20.0,5,Bright sun. No clouds. Light wind. Small waves. GOOD conditions.
MLTP,2015-10-13 12:36,25.625,26.0,25.25,7,"Bright sun. No wind. Flat, calm surface. EXCELLENT conditions."
MLTP,2015-12-08 12:54,21.5,22.0,21.0,6,"Sun behind cloud layer. Calm wind. Flat, calm surface. VERY GOOD conditions."
MLTP,2016-01-12 12:33,26.0,26.5,25.5,7,"Bright sun, few thin clouds, calm wind, flat calm surface, excellent conditions."
MLTP,2016-03-17 13:22,23.75,24.0,23.5,7,"Bright sun, no clouds, no wind, flat calm surface, excellent conditions."
MLTP,2016-04-20 11:53,24.625,25.0,24.25,7,
MLTP,2016-05-31 12:18,18.0,18.5,17.5,6,"Bright sun, no clouds, light winds, small waves, very good conditions"
MLTP,2016-06-20 11:45,14.5,15.0,14.0,5,"Bright sun, no cloud cover, light winds, small waves, good conditions"
MLTP,2016-07-22 12:07,13.5,14.0,13.0,6,"Bright sun, no clouds, light winds, boat wakes, small waves"
MLTP,2016-09-16 12:02,20.25,20.5,20.0,6,"Bright sun, no cloud cover, light winds, small waves. very good conditions."
MLTP,2016-10-05 12:07,21.5,22.0,21.0,7,"Bright sun, no cloud cover, light wind, calm surface. Excellent conditions."
MLTP,2016-12-20 12:05,21.0,21.5,20.5,7,"Bright sun, high thin cloud cover. Plat calm surface. Excellent conditions."
MLTP,2017-01-31 12:27,23.5,24.0,23.0,7,"Bright sun, some clouds, calm wind, flat calm surface, excellent conditions."
MLTP,2017-02-28 12:37,26.25,27.0,25.5,6,"Bright sun, no cloud cover, small waves, very good conditions"
MLTP,2017-03-23 14:05,18.5,19.0,18.0,7,"Bright sun, no cloud cover, calm wind, excellent conditions."
MLTP,2017-03-29 12:30,18.5,19.0,18.0,7,"Bright sun, thin cloud cover, no wind, flat calm surface, excellent conditions."
MLTP,2017-05-26 12:22,17.0,17.5,16.5,6,"Bright sun, no clouds cover, light winds, small ripple on surface. Very good conditions."
MLTP,2017-06-26 12:00,16.5,17.0,16.0,7,"Bright sun, no cloud, cover, light winds, calm surface. Excellent conditions."
MLTP,2017-07-19 12:37,15.5,16.0,15.0,5,"Bright sun, heavy smoke over lake. Light wind, small waves, lots of glare, good conditions."
MLTP,2017-08-08 12:52,17.625,18.0,17.25,5,"Bright sun, no cloud cover, light winds, small waves but lots of reflection, good conditions."
MLTP,2017-10-17 12:53,14.5,15.0,14.0,6,"Sun behind think cloud layer, light winds, small waves. Very good conditions."
MLTP,2017-12-11 12:08,15.75,16.0,15.5,7,"mostly clear skies, no wind, sunny, excellent conditions"
MLTP,2017-12-25 11:42,17.5,18.0,17.0,7,"Bright sun behind height think clouds, calm wind, flat calm surface, excellent conditions."
MLTP,2018-01-23 11:54,19.25,19.5,19.0,7,"Sun behind cloud layer, bright enough for shadows, calm wind, flat calm surface, excellent conditions."
MLTP,2018-02-07 12:18,18.5,19.0,18.0,5,"Sunny, clear skies, calm surface conditions."
MLTP,2018-03-05 13:07,28.5,29.0,28.0,7,"Bright sun, no cloud cover, calm winds, flat calm surface, excellent conditions."
MLTP,2018-04-03 11:55,21.5,22.0,21.0,7,"Bright sun behind thin cloud layer. calm winds, flat calm surface, Brandon berry readings in comments."
MLTP,2018-05-08 12:45,18.0,18.5,17.5,7,"Bright sun, no cloud cover, calm winds, flat calm surface, excellent conditions."
MLTP,2018-06-06 12:45,20.0,20.5,19.5,7,"Bright sun, think cloud cover, calm wind, excellent conditions"
MLTP,2018-07-11 12:26,20.25,20.5,20.0,7,"Bright sun, no cloud cover, light winds, excellent conditions"
MLTP,2018-08-17 12:07,21.5,22.0,21.0,6,"Bright sun, no cloud cover, light wind, small waves. Very good conditions"
MLTP,2018-09-19 12:25,22.5,23.0,22.0,6,"Bright sun, no clouds, light winds, small waves. Very good conditions."
MLTP,2018-10-17 12:43,26.0,26.5,25.5,7,"Bright sun, no clouds, light wind, calm surface. Excellent condtions."
MLTP,2018-11-19 12:50,20.0,20.5,19.5,6,"Mostly cloudy, sun bright enough for shadows. Flat calm surface. Very good conditions."
MLTP,2018-12-19 12:38,21.5,22.0,21.0,7,"Bright sun, thin cloud cover, calm winds, flat calm surface. Excellent conditions"
MLTP,2019-01-23 12:50,25.0,25.5,24.5,6,"Bright sun, no cloud cover, small waves < 0.5 ft. Very good conditions"
MLTP,2019-02-22 12:48,33.5,34.0,33.0,7,"Bright sun, no clouds, calm wind, flat calm surface, excellent conditions."
MLTP,2019-03-18 12:40,28.25,28.5,28.0,5,"Clear sky, sunny, calm surface condtions, calm winds, good conditions"
MLTP,2019-04-25 00:00,17.0,17.5,16.5,7,"Bright sun, no clouds, calm wind, flat calm surface. Excellent conditions."
MLTP,2019-05-31 00:00,15.0,15.5,14.5,3,"Sunny sky, light NW wind, waves 0.5ft, lots of Glare. Fair conditions."
MLTP,2019-06-21 00:00,15.5,16.0,15.0,0,"Clear skies, sunny, moderate wind, small surface waves."
MLTP,2019-07-18 00:00,15.25,15.5,15.0,7,"Bright sun, very thin cloud cover, calm wind, excellent condtions."
MLTP,2019-08-13 12:29,18.5,19.0,18.0,7,"Bright sun, no cloud cover, calm wind, flat calm surface, excellent conditions."
MLTP,2019-10-02 12:32,21.5,22.0,21.0,7,"Bright sun, no cloud cover, calm wind, flat calm surface, excellent conditions."
MLTP,2019-10-25 13:00,19.5,20.0,19.0,7,"Bright sun, no clouds, flat calm surface, excellent conditions."
MLTP,2019-11-15 12:02,17.5,18.0,17.0,5,"Bright sun, no cloud cover, light waves to 0.5ft, good conditions."
MLTP,2019-12-17 12:46,17.0,17.5,16.5,5,"Overcast, calm winds, calm surface conditions, good conditions."
MLTP,2020-01-07 12:00,19.5,20.0,19.0,7,"Bright sun, think clouds, calm wind, flat calm surface. Excellent condtions."
MLTP,2020-02-06 12:00,24.5,25.0,24.0,7,"Bright sun, calm wind, flat calm surface. Excellent conditions."
MLTP,2020-03-09 12:14,18.0,18.5,17.5,5,"Bright sun, light wind, waves 0.5ft, lots of surface glare, good conditions."
MLTP,2020-04-10 11:30,20.5,21.0,20.0,7,"Bright sun, no cloud cover, calm wind, flat calm surface, excellent condtions."
MLTP,2020-05-05 12:13,14.5,15.0,14.0,7,Bright sun behind thin patchy clouds. Flat calm surface. Excellent condtions.
MLTP,2020-06-04 11:47,16.25,16.5,16.0,7,"Bright sun, no cloud cover, calm wind, flat calm surface, excellent condtions."
MLTP,2020-07-15 11:56,18.0,18.25,17.75,3,"Bright sun, no cloud cover, small wind waves, boat wakes, lots of glare. Fair conditions."
MLTP,2020-08-04 12:09,23.0,23.5,22.5,6,"Bright sun, no cloud cover, calm wind, boat wakes. Very good conditions"
MLTP,2020-09-10 12:29,19.0,19.5,18.5,5,"Hazy/smokey, overcast conditions. Calm wind. Small surface waves, good conditions."
MLTP,2020-10-08 12:11,20.5,21.0,20.0,6,"Sun behind cloud layer, smoke haze over lake. Calm wind. Flat calm surface. Very good"
MLTP,2020-11-10 12:03,23.5,24.0,23.0,7,"Bright sun, thin cloud cover, calm wind. Excellent conditions."
MLTP,2020-12-02 11:55,20.75,21.0,20.5,7,"Bright sun, no cloud cover, calm wind, flat calm surface. Excellent conditions."
MLTP,2021-01-14 12:18,20.75,21.5,20.0,7,"Bright sun, calm wind, flat calm surface, Excellent condtions."
MLTP,2021-02-18 12:24,20.5,21.0,20.0,5,"Cloudy, snow, no sun, calm wind, flat calm surface, good conditions"
MLTP,2021-03-17 12:15,19.5,20.0,19.0,5,"Full cloud cover, light wind, surface ripple, good conditions"
MLTP,2021-04-09 12:23,20.0,20.5,19.5,7,"Bright sun, no cloud cover, calm wind, flat calm surface, excellent conditions."
MLTP,2021-06-10 13:15,18.5,19.0,18.0,5,"Bright sun, no cloud cover, light NE breeze, good conditions."
MLTP,2021-06-29 11:50,20.0,20.5,19.5,6,"Bright sun, no cloud cover, light wind, surface ripple. Very good conditions."
MLTP,2021-07-21 12:14,19.0,19.5,18.5,5,"Bright sun, no cloud cover, boat wakes and wind waves to 0.5ft. Good conditions."
MLTP,2021-08-06 12:45,19.5,20.0,19.0,5,No viewing condition provided (Shohei inserted 5 with his personal assumption)
MLTP,2021-09-01 12:31,18.0,18.5,17.5,7,"Smoke, mostly blue sky, directly above, ash on surface, calm wind, flat calm surface, excellent condition."
MLTP,2021-10-01 13:10,17.0,17.5,16.5,7,"Bright sun no cloud cover, calm wind, flat calm surface. Excellent conditions."
MLTP,2021-11-30 12:22,16.5,17.0,16.0,7,"Bright sun, some cloud cover, calm wind, flat calm surface, excellent conditions."
MLTP,2021-12-21 12:26,17.5,18.0,17.0,7,"Bright sun, no cloud cover, calm wind, flat calm surface. Excellent conditions"
MLTP,2022-01-06 12:06,22.5,23.0,22.0,6,"Bright sun, with havery fogs over lake. Calm wind flat calm surface. Very good conditions."
MLTP,2022-02-18 12:55,20.0,20.5,19.5,6,"Bright sun, no cloud cover, light winds. Very good conditions"
MLTP,2022-03-18 12:08,20.0,20.5,19.5,7,"Bright sun, thin cloud layer, calm wind, flat calm surface. Excellent condtiions"
MLTP,2022-04-25 12:42,20.0,20.5,19.5,7,"Bright sun, no cloud cover, calm wind, flat calm surface. Excellent conditions"
MLTP,2022-05-24 12:44,17.5,18.0,17.0,7,"Bright sun, no cloud cover, calm wind, flat calm surface. Excellent conditions"
MLTP,2022-06-14 13:09,19.5,20.0,19.0,7,"Bright sun, no cloud cover, calm wind, flat calm surface. Excellent conditions"
MLTP,2022-07-14 12:57,19.75,20.0,19.5,6,"Sunny, clear skies, some smoke in basin, small surface waves, very good conditions."
MLTP,2022-08-12 12:45,25.25,26.0,24.5,6,"Bright sun, no cloud cover, light wind, waves to 0.5ft and boat wakes. Very good conditions."
MLTP,2022-09-23 12:50,24.5,25.0,24.0,7,"Bright sun, no clouds, calm wind. Excellent conditions."
MLTP,2022-11-10 12:32,25.5,26.0,25.0,6,"Bright sun, no clouds cover, light wind, surface glare, very good conditions"
MLTP,2022-11-29 12:47,25.5,26.0,25.0,6,"Sunny, clear skies, no clouds, calm winds, no surface waves, very good conditions"
MLTP,2022-12-19 12:37,23.0,23.5,22.5,5,"Overcast, calm winds, calm surface conditions, good conditions."
MLTP,2023-02-01 12:50,25.5,26.0,25.0,6,"Bright sun behind cloud layer, calm wind, flat calm surface, very good conditions."
MLTP,2023-03-03 12:13,37.5,38.0,37.0,7,"Sunny, clear skies, calm winds, calm surface, excellent condtions."
MLTP,2023-04-05 12:26,28.0,28.5,27.5,6,"Bright sun, light breeze, no cloud cover, small ripple, strong surface glare. Very good"
MLTP,2023-05-11 12:25,16.0,16.5,15.5,6,"Bright sun, no cloud cover, light wind, strong surface glare. Very good conditions"
MLTP,2023-06-09 12:25,16.62,17.0,16.25,5,"Sunny, partly cloudy, light winds, small surface waves, good conditions."
MLTP,2023-08-16 13:20,16.5,17.0,16.0,7,"No clouds overhead, bright sun, no wind, no glare, excellent conditions."
MLTP,2023-09-28 13:14,19.5,20.0,19.0,6,"Sunny clear skies, calm winds, calm surface conditions, very good conditions"
MLTP,2023-10-20 12:22,19.75,20.0,19.5,7,"Sunny, clear skies, calm winds, calm surface conditions, excellent conditions."
MLTP,2023-11-21 12:12,18.0,18.5,17.5,7,"unny, clear skies, calm winds, calm surface conditions, excellent conditions."
MLTP,2023-12-21 11:35,16.5,17.0,16.0,3,"Cloudy, flat light, slightly east wind, small surface waves, fair conditions."
MLTP,2024-01-30 11:49,19.5,20.0,19.0,7,"Sunny, clear skies, calm winds, calm surface conditions, excellent conditions"
MLTP,2024-02-27 12:42,21.5,22.0,21.0,5,"Sunny, clear skies, SW wind, small surface waves, good conditions"
MLTP,2024-03-18 12:24,24.5,25.0,24.0,6,"Sunny, clear skies, small surface waves, very good conditions"
MLTP,2024-04-15 12:24,18.5,19.0,18.0,7,"Sunny, clear skies, calm winds, calm surface, excellent condtions."
MLTP,2024-06-05 13:00,13.25,13.5,13.0,6,"clear, sunny, no_wind, no_wind, slight_ripple, none, low_glare, very_good. Secchi is pretty low even though conditions were very good. Definitely something in upper water column"
MLTP,2024-06-20 12:28,12.5,13.0,12.0,3,"clear, sunny, light_wind, w, choppy, none, high_glare, fair. Not great conditions but secchi still poor"
MLTP,2024-07-19 12:10,14.5,15.0,14.0,6,"clear, sunny, no_wind, no_wind, slight_ripple, none, low_glare, very_good. About what we have been getting recently."
MLTP,2024-09-03 12:50,18.25,19.0,17.5,5,"clear, sunny, light_wind, e, slight_ripple, none, low_glare, good. Use KS Secchi reading as boat was in better position."
MLTP,2024-10-01 12:47,24.0,24.5,23.5,7,"clear, sunny, no_wind, no_wind, flat_calm, none, no_glare, excellent. Great Secchi Conditions"
MLTP,2024-11-19 11:29,18.75,19.0,18.5,5,"overcast, sun_behind_light_clouds, no_wind, sw, slight_ripple, none, high_glare, good. None"
MLTP,2025-01-10 11:30,22.25,22.5,22.0,7,"clear, sunny, no_wind, sw, flat_calm, none, low_glare, excellent. N/A"
MLTP,2025-02-10 13:58,27.75,28.0,27.5,7,"partly_cloudy, sunny, no_wind, no_wind, flat_calm, none, low_glare, excellent. Great conditions"
MLTP,2025-03-18 13:08,30.0,30.5,29.5,6,"clear, sunny, breezy, sw, slight_ripple, none, low_glare, very_good. Good viz!"
MLTP,2025-04-15 13:42,20.75,21.0,20.5,7,"partly_cloudy, sunny, no_wind, no_wind, flat_calm, none, low_glare, excellent. Great day"
MLTP,2025-05-19 12:28,16.5,17.0,16.0,6,"clear, sunny, no_wind, se, slight_ripple, none, low_glare, very_good. Recent decrease in clarity?"
MLTP,2025-06-25 12:05,18.75,19.0,18.5,7,"clear, sunny, no_wind, no_wind, flat_calm, none, low_glare, excellent. Nice day on the lake."
MLTP,2025-07-16 12:42,16.5,17.0,16.0,5,"clear, sunny, breezy, sw, slight_ripple, none, high_glare, good. None"
MLTP,2025-08-13 12:02,18.5,19.0,18.0,6,"clear, sunny, no_wind, sw, slight_ripple, none, low_glare, very_good. NA"
MLTP,2025-09-10 11:57,19.0,19.5,18.5,3,"partly_cloudy, sun_behind_light_clouds, breezy, sw, choppy, none, low_glare, fair. Thunderstorm conditions forming."
MLTP,2025-10-21 12:14,25.25,25.5,25.0,7,"clear, sunny, no_wind, no_wind, flat_calm, none, no_glare, excellent. Very blue"
MLTP,2025-11-24 12:47,23.5,24.0,23.0,6,"clear, sunny, no_wind, se, slight_ripple, none, low_glare, very_good. Good."
MLTP,2025-12-09 12:22,22.75,23.0,22.5,7,"clear, sunny, no_wind, no_wind, flat_calm, none, low_glare, excellent. NA"
MLTP,2026-01-13 12:30,20.75,21.0,20.5,6,"clear, sunny, no_wind, se, flat_calm, none, low_glare, very_good. NA"
MLTP,2026-02-12 12:06,21.0,21.5,20.5,6,"partly_cloudy, sunny, no_wind, se, slight_ripple, none, low_glare, very_good. Reading taken while sun was fully out."
MLTP,2026-03-17 11:59,21.5,22.0,21.0,7,"clear, sunny, no_wind, no_wind, flat_calm, none, low_glare, excellent. NA"
MLTP,2026-04-24 12:48,21.5,22.0,21.0,6,"partly_cloudy, sun_behind_light_clouds, no_wind, variable, flat_calm, none, low_glare, very_good. Good day for secchi"
MLTP,2026-05-15 13:05,21.5,22.0,21.0,6,"clear, sunny, breezy, se, slight_ripple, none, low_glare, very_good. NA"
MLTP,2026-06-17 12:58,19.0,19.5,18.5,6,"clear, sunny, no_wind, no_wind, flat_calm, none, low_glare, very_good. Lots of pollen on water surface."
